Name,MEOH_water_CDSSTR_Alpha,MEOH_water_CONTINLL_Alpha,MEOH_water_SELCON3_Alpha,SDS_CDSSTR_Alpha,SDS_CONTINLL_Alpha,SDS_SELCON3_Alpha,TFE_water_CDSSTR_Alpha,TFE_water_CONTINLL_Alpha,TFE_water_SELCON3_Alpha,solution_buffer_A_CDSSTR_Alpha,solution_buffer_A_SELCON3_Alpha,water_CDSSTR_Alpha,water_CONTINLL_Alpha,water_SELCON3_Alpha,MEOH_water_CDSSTR_Beta,MEOH_water_CONTINLL_Beta,MEOH_water_SELCON3_Beta,SDS_CDSSTR_Beta,SDS_CONTINLL_Beta,SDS_SELCON3_Beta,TFE_water_CDSSTR_Beta,TFE_water_CONTINLL_Beta,TFE_water_SELCON3_Beta,solution_buffer_A_CDSSTR_Beta,solution_buffer_A_SELCON3_Beta,water_CDSSTR_Beta,water_CONTINLL_Beta,water_SELCON3_Beta,MEOH_water_CDSSTR_Unstruct,MEOH_water_CONTINLL_Unstruct,MEOH_water_SELCON3_Unstruct,SDS_CDSSTR_Unstruct,SDS_CONTINLL_Unstruct,SDS_SELCON3_Unstruct,TFE_water_CDSSTR_Unstruct,TFE_water_CONTINLL_Unstruct,TFE_water_SELCON3_Unstruct,solution_buffer_A_CDSSTR_Unstruct,solution_buffer_A_SELCON3_Unstruct,water_CDSSTR_Unstruct,water_CONTINLL_Unstruct,water_SELCON3_Unstruct,MEOH_water_BestSel_Alpha,TFE_water_BestSel_Alpha,water_BestSel_Alpha,MEOH_water_BestSel_Beta,TFE_water_BestSel_Beta,water_BestSel_Beta,MEOH_water_BestSel_Unstruct,TFE_water_BestSel_Unstruct,water_BestSel_Unstruct,Sequence,water_Alpha_Average,water_Beta_Average,water_Unstruct_Average,MEOH_water_Alpha_Average,MEOH_water_Beta_Average,MEOH_water_Unstruct_Average,TFE_water_Alpha_Average,TFE_water_Beta_Average,TFE_water_Unstruct_Average,SDS_Alpha_Average,SDS_Beta_Average,SDS_Unstruct_Average
BoCo1,0.468,0.336,0.383,0.823,0.894,0.657,0.84,0.989,0.968,,,0.198,0.413,0.147,0.173,0.051,0.012,0.073,0.003,-0.025,0.09,0.011,-0.116,,,0.284,0.179,-0.013,0.362,0.614,0.667,0.101,0.102,0.407,0.069,0.0,0.24,,,0.516,0.408,0.906,0.088,0.616,0.1585,0.438,0.02,0.358,0.474,0.364,0.4835,NKIKFINKYVKKVQLKKILVKS,0.25266666666666665,0.15,0.61,0.39566666666666667,0.07866666666666666,0.5476666666666666,0.9323333333333332,-0.0050000000000000044,0.103,0.7913333333333333,0.016999999999999998,0.20333333333333334
DBAASPS_20015,0.256,0.0,0.754,0.39,0.633,0.806,0.573,0.75,0.867,,,0.219,0.0,0.76,0.377,0.358,0.019,0.313,0.14,0.01,0.19,0.046,0.0,,,0.386,0.238,0.015,0.364,0.642,0.256,0.302,0.227,0.204,0.241,0.204,0.156,,,0.392,0.763,0.254,0.007,0.478,0.0015,0.807,0.341,0.9295,0.186,0.181,0.069,LGLFKLLLRLILKGFKL,0.3263333333333333,0.213,0.4696666666666667,0.33666666666666667,0.25133333333333335,0.4206666666666667,0.73,0.07866666666666666,0.20033333333333334,0.6096666666666667,0.15433333333333335,0.24433333333333332
DBAASPS_20955,0.87,0.994,1.039,0.808,0.982,,0.693,0.998,0.879,,,0.732,0.981,0.794,0.052,0.007,-0.125,0.095,0.014,,0.138,0.002,-0.002,,,0.091,0.019,-0.001,0.064,0.0,0.235,0.095,0.004,,0.169,0.0,0.267,,,0.178,0.0,0.219,0.476,0.941,0.718,0.175,0.059,0.1095,0.349,0.0,0.1725,IGKLFKRIVERIKRFLRVLLRILR,0.8356666666666667,0.036333333333333336,0.13233333333333333,0.9676666666666666,-0.022000000000000002,0.09966666666666667,0.8566666666666666,0.046000000000000006,0.14533333333333334,0.895,0.0545,0.0495
DeNo1047,0.176,0.164,0.188,0.778,0.905,0.88,0.766,0.843,0.702,,,0.197,0.382,0.132,0.228,0.091,0.118,0.073,0.0,-0.038,0.093,0.0,-0.068,,,0.3,0.282,-0.021,0.594,0.745,0.684,0.154,0.095,0.187,0.13,0.157,0.522,,,0.491,0.338,0.931,0.025,0.312,0.1725,0.436,0.176,0.339,0.539,0.512,0.4885,ALPSIIKGLLKKL,0.237,0.18699999999999997,0.5866666666666667,0.17600000000000002,0.14566666666666667,0.6743333333333333,0.7703333333333333,0.008333333333333331,0.26966666666666667,0.8543333333333334,0.011666666666666665,0.14533333333333334
GQ20,0.206,0.2,0.143,0.811,0.994,,0.815,0.979,0.981,,,0.035,0.198,0.061,0.235,0.143,0.192,0.11,0.006,,0.058,0.002,-0.128,,,0.377,0.04,0.009,0.557,0.657,0.635,0.074,0.0,,0.126,0.019,0.238,,,0.578,0.762,0.954,0.006,0.546,0.328,0.469,0.081,0.2965,0.525,0.373,0.3754999999999999,GQLNKFIKKAQRKFHEKFAK,0.09800000000000002,0.142,0.7646666666666665,0.18300000000000002,0.19000000000000003,0.6163333333333333,0.9249999999999999,-0.02266666666666667,0.12766666666666668,0.9025000000000001,0.058,0.037
LG21,0.835,0.853,0.57,0.731,0.984,0.969,0.836,0.976,0.814,,,0.45,0.476,0.326,0.039,0.0,-0.031,0.133,0.016,0.005,0.087,0.012,-0.008,,,0.23,0.174,-0.009,0.116,0.147,0.477,0.136,0.0,0.277,0.08,0.013,0.194,,,0.316,0.351,0.709,0.261,0.952,0.4765,0.284,0.048,0.237,0.455,0.0,0.2865,LLPIVGNLLKSLLGWKRKRFG,0.41733333333333333,0.13166666666666668,0.4586666666666666,0.7526666666666667,0.0026666666666666666,0.24666666666666667,0.8753333333333333,0.030333333333333334,0.09566666666666668,0.8946666666666666,0.05133333333333334,0.1376666666666667
Mammutin-1,0.057,0.091,0.051,0.439,0.438,,0.816,0.773,0.791,,,0.038,0.082,0.087,0.418,0.394,0.429,0.294,0.259,,0.065,0.033,-0.001,,,0.323,0.254,0.125,0.518,0.514,0.476,0.262,0.302,,0.116,0.194,0.213,,,0.63,0.664,0.785,0.0,0.251,0.008,0.516,0.285,0.5245,0.484,0.464,0.4675,WMTIHALKLSLSFKL,0.06899999999999999,0.23399999999999999,0.6930000000000001,0.06633333333333333,0.4136666666666667,0.5026666666666667,0.7933333333333333,0.03233333333333333,0.17433333333333334,0.4385,0.27649999999999997,0.28200000000000003
bZIP,0.854,0.988,0.926,0.813,0.987,1.027,0.62,0.98,0.885,,,0.593,0.525,0.397,0.051,0.012,-0.112,0.096,0.013,-0.119,0.144,0.02,-0.004,,,0.135,0.0,0.084,0.088,0.0,0.235,0.081,0.0,0.188,0.249,0.0,0.269,,,0.264,0.475,0.554,0.261,0.976,0.3334999999999999,0.365,0.024,0.219,0.374,0.0,0.4475,MKQLEDKVEELLSKNYHLENEVARLKKLVG,0.505,0.07300000000000001,0.43100000000000005,0.9226666666666667,-0.016333333333333335,0.10766666666666665,0.8283333333333335,0.05333333333333332,0.17266666666666666,0.9423333333333334,-0.003333333333333332,0.08966666666666667
cecropin-P1,0.835,0.985,0.795,0.641,0.972,0.891,0.588,0.981,0.86,,,0.405,0.492,0.218,0.067,0.015,-0.017,0.129,0.028,0.004,0.151,0.019,0.009,,,0.242,0.0,0.008,0.095,0.0,0.234,0.231,0.0,0.258,0.258,0.0,0.263,,,0.352,0.508,0.809,0.311,0.917,0.5135,0.263,0.083,0.2355,0.426,0.0,0.251,SWLSKTAKKLENSAKKRISEGIAIAIQGGPR,0.37166666666666665,0.08333333333333333,0.5563333333333333,0.8716666666666666,0.021666666666666667,0.10966666666666668,0.8096666666666666,0.059666666666666666,0.17366666666666666,0.8346666666666667,0.05366666666666667,0.163
pa4,0.385,0.329,0.327,0.825,0.994,0.816,0.81,0.978,0.891,,,0.23,0.172,0.237,0.1,0.088,0.099,0.072,0.0,-0.007,0.069,0.001,-0.109,,,0.266,0.129,0.014,0.513,0.584,0.586,0.099,0.006,0.196,0.12,0.021,0.269,,,0.501,0.698,0.76,0.006,0.188,0.115,0.506,0.4,0.426,0.488,0.412,0.4589999999999999,GFFALIPKIISSPLFKTLLSAVGSALSSSGGQE,0.213,0.13633333333333333,0.6529999999999999,0.347,0.09566666666666668,0.5609999999999999,0.8930000000000001,-0.012999999999999998,0.1366666666666667,0.8783333333333333,0.021666666666666664,0.10033333333333334
sarcotoxin-1A,0.053,0.049,,0.783,0.993,0.826,0.603,1.0,0.859,,,0.413,0.668,0.166,0.49,0.51,,0.106,0.007,-0.009,0.137,0.0,0.009,,,0.233,0.22,0.101,0.485,0.442,,0.109,0.0,0.207,0.262,0.0,0.268,,,0.348,0.113,0.772,0.0,0.803,0.266,0.538,0.111,0.276,0.462,0.086,0.4579999999999999,GWLKKIGKKIERVGQHTRDATIQGLGIAQQAANVAATAR,0.41566666666666663,0.18466666666666667,0.41100000000000003,0.051000000000000004,0.5,0.4635,0.8206666666666665,0.04866666666666667,0.17666666666666667,0.8673333333333333,0.03466666666666667,0.10533333333333333
sequence_1002,0.447,0.436,0.29,0.837,0.987,,0.724,0.985,0.812,,,0.37,0.639,0.161,0.215,0.0,-0.021,0.096,0.011,,0.117,0.0,-0.004,,,0.278,0.0,0.052,0.338,0.565,0.772,0.059,0.002,,0.157,0.015,0.217,,,0.354,0.361,0.815,0.067,0.964,0.456,0.423,0.036,0.3765,0.51,0.0,0.1675,GLLRKLKKALKRVLKHIR,0.38999999999999996,0.11,0.5099999999999999,0.391,0.06466666666666666,0.5583333333333333,0.8403333333333333,0.03766666666666667,0.12966666666666668,0.9119999999999999,0.0535,0.0305
sequence_10982,0.063,0.081,0.118,0.64,0.735,0.808,0.839,0.915,0.737,,,0.068,0.213,0.145,0.378,0.493,0.275,0.178,0.105,0.013,0.095,0.019,-0.041,,,0.364,0.04,-0.013,0.554,0.426,0.616,0.19,0.159,0.221,0.062,0.065,0.352,,,0.553,0.747,0.893,0.0,0.346,0.079,0.478,0.102,0.5735,0.522,0.552,0.3475,WTRVKLAKLKLSFKL,0.14200000000000002,0.13033333333333333,0.731,0.08733333333333333,0.38199999999999995,0.532,0.8303333333333334,0.024333333333333335,0.15966666666666665,0.7276666666666666,0.09866666666666667,0.18999999999999997
sequence_11129,0.5,0.535,0.37,0.788,0.977,0.877,0.838,0.993,0.916,,,0.356,0.489,0.146,0.229,0.195,-0.029,0.103,0.024,-0.031,0.083,0.006,-0.102,,,0.265,0.0,0.055,0.272,0.268,0.693,0.103,0.0,0.182,0.081,0.0,0.281,,,0.381,0.511,0.825,0.112,1.0,0.5,0.357,0.0,0.3595,0.531,0.0,0.1405,KLLKKLLKKLLKKLKKL,0.3303333333333333,0.10666666666666667,0.5723333333333334,0.46833333333333343,0.13166666666666668,0.41100000000000003,0.9156666666666666,-0.004333333333333328,0.12066666666666669,0.8806666666666668,0.032,0.09499999999999999
sequence_1152,0.836,0.828,0.551,0.739,0.976,0.929,0.799,0.979,0.947,,,0.464,0.632,0.241,0.055,0.013,-0.034,0.124,0.024,-0.016,0.109,0.02,-0.059,,,0.177,0.0,0.092,0.112,0.158,0.518,0.141,0.0,0.252,0.089,0.0,0.245,,,0.357,0.367,0.707,0.184,1.0,0.516,0.374,0.0,0.239,0.442,0.0,0.245,GIGAVLKVLTTGLPALISWIKRKRQH,0.4456666666666667,0.08966666666666667,0.47700000000000004,0.7383333333333333,0.011333333333333334,0.26266666666666666,0.9083333333333333,0.023333333333333334,0.11133333333333333,0.8813333333333334,0.044000000000000004,0.131
sequence_1168,0.389,0.236,0.217,0.811,0.99,,0.833,0.919,0.481,,,0.075,0.356,0.115,0.239,0.124,0.003,0.111,0.01,,0.078,0.0,-0.028,,,0.405,0.251,-0.004,0.376,0.639,0.794,0.075,0.0,,0.082,0.08,0.65,,,0.523,0.392,0.936,0.01,0.351,0.3745,0.447,0.181,0.2695,0.543,0.468,0.356,KFLKKLLKLGKKLLKG,0.18200000000000002,0.21733333333333335,0.617,0.2806666666666667,0.122,0.6030000000000001,0.7443333333333334,0.016666666666666666,0.27066666666666667,0.9005000000000001,0.0605,0.0375
sequence_12255,0.784,0.679,0.648,0.572,1.0,0.86,0.738,0.991,0.914,,,0.424,0.664,0.247,0.053,0.003,0.074,0.155,0.0,0.004,0.114,0.009,-0.041,,,0.207,0.0,-0.011,0.154,0.318,0.376,0.285,0.0,0.267,0.148,0.0,0.269,,,0.37,0.336,0.809,0.153,0.939,0.435,0.39,0.061,0.304,0.457,0.0,0.261,KRLLKEMVKTLGRLNRLLRKLVKGLVNSVR,0.445,0.06533333333333333,0.505,0.7036666666666668,0.043333333333333335,0.2826666666666667,0.8810000000000001,0.02733333333333333,0.139,0.8106666666666666,0.053,0.18400000000000002
sequence_12273,0.621,0.443,0.362,0.641,0.651,0.367,0.822,0.988,0.81,,,0.422,0.53,0.242,0.139,0.016,0.196,0.114,0.0,0.111,0.085,0.002,-0.01,,,0.24,0.288,0.034,0.248,0.541,0.508,0.239,0.35,0.597,0.087,0.01,0.196,,,0.34,0.182,0.767,0.124,0.64,0.1205,0.389,0.114,0.3735,0.487,0.246,0.506,NKIKFINKWSRKVNLKRLLVKS,0.39799999999999996,0.18733333333333335,0.4296666666666667,0.4753333333333334,0.117,0.4323333333333334,0.8733333333333334,0.02566666666666667,0.09766666666666667,0.553,0.075,0.3953333333333333
sequence_12656,0.627,0.522,0.499,0.822,0.992,0.982,0.719,0.984,0.918,,,0.394,0.445,0.233,0.136,0.011,0.05,0.087,0.009,-0.109,0.125,0.015,-0.033,,,0.235,0.0,-0.022,0.238,0.467,0.491,0.088,0.0,0.295,0.157,0.0,0.264,,,0.378,0.555,0.831,0.043,0.614,0.1515,0.475,0.096,0.364,0.482,0.29,0.4845,GWLKKIGKKIERVGQHTRDATITGLGIAQQAANVAATAR,0.35733333333333334,0.071,0.588,0.5493333333333333,0.06566666666666666,0.3986666666666667,0.8736666666666667,0.03566666666666667,0.14033333333333334,0.932,-0.0043333333333333375,0.12766666666666668
sequence_12667,0.05,0.073,0.113,0.442,0.181,,0.811,0.828,0.525,,,0.17,0.204,0.142,0.258,0.394,0.215,0.273,0.443,,0.085,0.0,-0.009,,,0.31,0.031,0.002,0.678,0.531,0.661,0.285,0.375,,0.098,0.172,0.614,,,0.517,0.764,0.877,0.0,0.285,0.1025,0.465,0.185,0.469,0.535,0.53,0.4285,WKRIKALRLSLRFKL,0.17200000000000001,0.11433333333333333,0.7193333333333335,0.07866666666666666,0.289,0.6233333333333334,0.7213333333333334,0.025333333333333336,0.2946666666666667,0.3115,0.358,0.32999999999999996
sequence_13251,0.475,0.425,0.424,0.745,0.807,0.806,0.84,0.968,,,,0.045,0.034,0.082,0.135,0.157,0.151,0.118,0.073,0.042,0.075,0.015,,,,0.335,0.319,0.245,0.393,0.418,0.419,0.131,0.12,0.154,0.08,0.017,,,,0.61,0.647,0.656,0.082,0.365,0.0935,0.473,0.238,0.479,0.445,0.397,0.4275,WLQQIWYRFRRYLNRIRRIFRRL,0.05366666666666667,0.2996666666666667,0.6376666666666667,0.4413333333333333,0.1476666666666667,0.41,0.9039999999999999,0.045,0.0485,0.786,0.07766666666666668,0.135
sequence_13284,0.551,0.451,0.462,0.841,0.992,0.821,0.786,0.984,0.864,,,0.381,0.706,0.174,0.176,0.008,-0.027,0.081,0.008,-0.011,0.11,0.016,-0.042,,,0.263,0.294,0.049,0.281,0.542,0.607,0.074,0.0,0.204,0.11,0.0,0.238,,,0.354,0.0,0.809,0.048,0.702,0.2745,0.459,0.095,0.266,0.493,0.203,0.4595,VKKLRKKVESLRKNNKNLVKAVGTLLSGVA,0.4203333333333333,0.20199999999999999,0.38766666666666666,0.488,0.052333333333333336,0.47666666666666674,0.878,0.027999999999999997,0.11599999999999999,0.8846666666666666,0.026,0.09266666666666666
sequence_13407,0.534,0.487,0.384,0.645,0.978,0.828,0.703,0.984,0.953,,,0.223,0.246,0.096,0.162,0.049,0.058,0.136,0.018,0.001,0.105,0.003,-0.118,,,0.331,0.016,0.066,0.308,0.464,0.556,0.219,0.004,0.213,0.192,0.013,0.241,,,0.446,0.738,0.833,0.074,0.544,0.444,0.39,0.094,0.3255,0.536,0.362,0.2305,GKLRRWIRKLFRKFKEKFAK,0.18833333333333332,0.1376666666666667,0.6723333333333333,0.46833333333333327,0.08966666666666667,0.4426666666666667,0.8799999999999999,-0.003333333333333332,0.14866666666666667,0.8170000000000001,0.051666666666666666,0.14533333333333334
sequence_13852,0.432,0.184,0.328,0.722,0.571,0.669,0.858,0.892,0.78,,,0.039,0.158,0.116,0.205,0.217,0.135,0.119,0.177,0.009,0.067,0.027,-0.036,,,0.271,0.119,0.04,0.36,0.597,0.549,0.164,0.253,0.342,0.073,0.082,0.308,,,0.68,0.724,0.849,0.087,0.265,0.1125,0.349,0.132,0.367,0.564,0.603,0.5205,WKSLKALKLRLSWKL,0.10433333333333333,0.14333333333333334,0.751,0.31466666666666665,0.18566666666666665,0.502,0.8433333333333334,0.019333333333333334,0.15433333333333332,0.654,0.10166666666666667,0.25300000000000006
sequence_14175,0.059,0.079,0.193,0.696,0.948,0.995,0.733,0.85,0.581,,,0.071,0.192,0.113,0.264,0.258,0.175,0.132,0.015,-0.044,0.101,0.001,-0.021,,,0.371,0.078,0.022,0.669,0.666,0.666,0.16,0.037,0.096,0.162,0.149,0.581,,,0.562,0.73,0.874,0.035,0.282,0.1845,0.442,0.172,0.2805,0.523,0.546,0.535,LIWKIIKGLAKKL,0.12533333333333332,0.157,0.722,0.11033333333333334,0.23233333333333336,0.6669999999999999,0.7213333333333333,0.027,0.2973333333333333,0.8796666666666666,0.03433333333333334,0.09766666666666668
sequence_14429,0.544,0.479,0.386,0.806,0.995,0.995,0.737,0.977,1.039,,,0.39,0.626,0.189,0.13,0.013,0.014,0.093,0.003,-0.044,0.109,0.021,-0.121,,,0.241,0.0,-0.018,0.322,0.508,0.61,0.104,0.002,0.195,0.166,0.002,0.18,,,0.373,0.374,0.869,0.078,1.0,0.5275,0.399,0.0,0.2375,0.523,0.0,0.235,GKLKKFIKKFLRKFIEKLSK,0.40166666666666667,0.07433333333333333,0.5386666666666667,0.46966666666666673,0.05233333333333334,0.48,0.9176666666666667,0.0030000000000000027,0.11599999999999999,0.932,0.017333333333333336,0.10033333333333333
sequence_14541,0.708,0.596,0.352,0.792,0.991,0.989,0.696,0.996,0.891,,,0.405,0.588,0.186,0.116,0.009,0.107,0.082,0.008,-0.113,0.124,0.003,-0.013,,,0.241,0.0,0.036,0.173,0.394,0.552,0.126,0.0,0.204,0.176,0.0,0.263,,,0.349,0.411,0.815,0.106,0.856,0.2455,0.419,0.077,0.3065,0.475,0.067,0.448,GWLKKIGKKIERVGQHTRDATIQGIGIAQQAANVAATVK,0.393,0.09233333333333332,0.525,0.5519999999999999,0.07733333333333332,0.373,0.8610000000000001,0.038,0.14633333333333334,0.9239999999999999,-0.007666666666666669,0.10999999999999999
sequence_150168_inspired_VRLIVRVRIWRR,,0.038,,,0.073,,,0.206,0.203,,,,0.035,0.06,,0.508,,,0.413,,,0.284,0.267,,,,0.467,0.494,,0.455,,,0.515,,,0.51,0.523,,,,0.498,0.476,0.0,0.063,0.0,0.522,0.456,0.526,0.478,0.481,0.474,IRLMWKLRWRIK,0.0475,0.48050000000000004,0.487,0.038,0.508,0.455,0.20450000000000002,0.27549999999999997,0.5165,0.073,0.413,0.515
sequence_1504,0.029,0.166,0.1,0.778,0.985,0.933,0.695,0.781,0.531,,,0.045,0.225,0.104,0.297,0.052,0.045,0.094,0.015,-0.046,0.114,0.001,0.018,,,0.371,0.047,0.011,0.659,0.782,0.865,0.116,0.0,0.147,0.183,0.218,0.623,,,0.602,0.728,0.91,0.039,0.291,0.5,0.511,0.277,0.34,0.45,0.432,0.16,KIWKKLAKKIKNLL,0.12466666666666666,0.143,0.7466666666666667,0.09833333333333334,0.13133333333333333,0.7686666666666667,0.669,0.044333333333333336,0.3413333333333333,0.8986666666666666,0.021,0.08766666666666667
sequence_15042,0.033,0.064,0.07,0.428,0.245,0.597,0.798,0.737,0.718,,,0.059,0.174,0.149,0.385,0.382,0.342,0.284,0.328,0.079,0.075,0.05,-0.008,,,0.316,0.045,0.026,0.572,0.552,0.586,0.287,0.425,0.346,0.121,0.213,0.301,,,0.624,0.782,0.808,0.0,0.203,0.0805,0.494,0.237,0.483,0.506,0.56,0.4365,WKKIHSVKLILSFKL,0.12733333333333333,0.129,0.7380000000000001,0.05566666666666667,0.36966666666666664,0.57,0.751,0.039,0.21166666666666667,0.42333333333333334,0.2303333333333333,0.35266666666666663
sequence_151228_inspired_FLSGIVGMLKKLF,,,0.106,,,0.98,,,0.728,,,,,0.114,,,0.323,,,-0.047,,,-0.026,,,,,0.182,,,0.58,,,0.08,,,0.33,,,,,0.669,0.01,0.287,0.149,0.441,0.191,0.2985,0.549,0.522,0.5525,FLSGLIKLAKNLF,0.114,0.182,0.669,0.106,0.323,0.58,0.728,-0.026,0.33,0.98,-0.047,0.08
sequence_15134,0.819,0.985,0.697,0.729,0.975,0.825,0.636,0.982,0.816,,,0.463,0.829,0.131,0.083,0.0,-0.048,0.113,0.001,-0.008,0.139,0.0,-0.003,,,0.206,0.122,0.32,0.096,0.015,0.397,0.15,0.023,0.202,0.225,0.018,0.202,,,0.332,0.049,0.591,0.248,1.0,0.5235,0.327,0.0,0.2165,0.425,0.0,0.26,GWLKKIGKKIERVGQTTRDATIQALGIAQQAANVAATAR,0.47433333333333333,0.21599999999999997,0.324,0.8336666666666667,0.011666666666666667,0.16933333333333334,0.8113333333333332,0.04533333333333334,0.14833333333333334,0.843,0.035333333333333335,0.125
sequence_15152,0.182,0.166,0.191,0.561,0.456,0.523,0.812,0.883,0.525,,,0.067,0.181,0.175,0.243,0.309,0.225,0.218,0.025,0.052,0.08,0.024,-0.031,,,0.316,0.135,-0.006,0.578,0.525,0.574,0.222,0.519,0.446,0.102,0.093,0.593,,,0.598,0.684,0.802,0.047,0.29,0.08,0.428,0.148,0.3745,0.525,0.562,0.5455,WKSIRALKLRLSWKL,0.141,0.14833333333333334,0.6946666666666667,0.17966666666666664,0.259,0.559,0.7400000000000001,0.024333333333333335,0.26266666666666666,0.5133333333333333,0.09833333333333333,0.39566666666666667
sequence_15995,0.805,0.791,0.311,0.832,0.979,1.032,0.653,0.998,0.897,,,0.427,0.632,0.225,0.07,0.0,0.064,0.091,0.021,-0.089,0.136,0.002,-0.026,,,0.228,0.181,0.009,0.109,0.21,0.628,0.071,0.0,0.143,0.221,0.0,0.267,,,0.346,0.188,0.811,0.249,0.937,0.388,0.346,0.063,0.22,0.405,0.0,0.392,NKIKSFLKIVRKLKLKRLILHS,0.428,0.13933333333333334,0.4483333333333334,0.6356666666666667,0.04466666666666667,0.3156666666666667,0.8493333333333334,0.037333333333333336,0.16266666666666665,0.9476666666666667,0.007666666666666669,0.07133333333333332
sequence_1603,0.213,0.185,0.225,0.802,0.976,0.923,0.768,0.856,0.622,,,0.249,0.399,0.163,0.317,0.083,-0.005,0.077,0.008,-0.047,0.08,0.002,-0.065,,,0.311,0.306,-0.013,0.467,0.734,0.783,0.125,0.016,0.148,0.144,0.142,0.537,,,0.439,0.295,0.884,0.05,0.343,0.3279999999999999,0.408,0.188,0.2565,0.542,0.469,0.4155,VKRLKKWIQKVIKIFGK,0.27033333333333337,0.20133333333333334,0.5393333333333333,0.20766666666666667,0.13166666666666668,0.6613333333333333,0.7486666666666667,0.005666666666666667,0.2743333333333333,0.9003333333333333,0.012666666666666665,0.09633333333333334
sequence_16369,0.831,0.989,0.877,0.805,0.988,1.027,0.812,0.992,0.857,,,0.478,0.243,0.324,0.074,0.01,-0.108,0.108,0.012,-0.117,0.072,0.007,-0.048,,,0.223,0.106,0.091,0.09,0.0,0.31,0.079,0.0,0.199,0.106,0.0,0.197,,,0.301,0.651,0.612,0.394,0.69,0.407,0.188,0.032,0.191,0.418,0.278,0.402,ISKLWKRIVQKIKRWLRAAARSLR,0.34833333333333333,0.14,0.5213333333333333,0.899,-0.008000000000000002,0.13333333333333333,0.887,0.010333333333333333,0.10099999999999999,0.9400000000000001,0.0009999999999999963,0.09266666666666667
sequence_16880,0.778,0.687,0.418,0.671,0.981,0.996,0.687,0.981,0.852,,,0.497,0.654,0.312,0.1,0.022,-0.048,0.109,0.014,-0.068,0.133,0.019,0.01,,,0.168,0.0,0.047,0.12,0.291,0.715,0.227,0.006,0.207,0.187,0.0,0.292,,,0.334,0.346,0.776,0.158,0.41,0.3169999999999999,0.393,0.234,0.253,0.449,0.356,0.43,GFFALIPKIISNPLFKTLLSAVGSILSSSSSKK,0.4876666666666667,0.07166666666666667,0.48533333333333334,0.6276666666666667,0.024666666666666667,0.3753333333333333,0.84,0.054,0.15966666666666665,0.8826666666666667,0.01833333333333333,0.14666666666666667
sequence_17857,0.823,0.745,0.234,0.573,0.999,0.858,0.804,0.973,0.883,,,0.415,0.593,0.252,0.079,0.0,0.069,0.176,0.0,0.017,0.079,0.018,-0.063,,,0.222,0.0,-0.02,0.108,0.255,0.704,0.253,0.0,0.263,0.122,0.009,0.179,,,0.359,0.407,0.818,0.251,0.887,0.511,0.336,0.026,0.2255,0.413,0.087,0.2635,LLPIIGRLLKSLLGWKRKRFG,0.42,0.06733333333333334,0.528,0.6006666666666667,0.04933333333333334,0.35566666666666663,0.8866666666666667,0.011333333333333334,0.10333333333333333,0.81,0.06433333333333334,0.17200000000000001
sequence_1831,0.654,0.434,0.388,0.703,0.985,0.917,0.759,0.999,0.809,,,0.42,0.756,0.175,0.12,0.014,0.169,0.136,0.015,-0.004,0.12,0.0,-0.003,,,0.224,0.131,0.063,0.233,0.552,0.493,0.17,0.0,0.255,0.111,0.0,0.216,,,0.354,0.113,0.8,0.097,0.744,0.5225,0.376,0.164,0.241,0.527,0.092,0.2365,GLWKALLKNVGKAAGKAALNAVTDMVNQ,0.4503333333333333,0.13933333333333334,0.4223333333333333,0.492,0.10100000000000002,0.426,0.8556666666666667,0.039,0.109,0.8683333333333333,0.04900000000000001,0.1416666666666667
sequence_18322,0.81,0.987,0.667,0.735,0.973,0.922,0.66,0.997,0.889,,,0.402,0.648,0.184,0.071,0.005,-0.045,0.137,0.027,-0.016,0.126,0.004,-0.003,,,0.256,0.353,0.057,0.117,0.008,0.442,0.132,0.0,0.249,0.22,0.0,0.26,,,0.342,0.0,0.796,0.275,0.967,0.4825,0.301,0.033,0.2455,0.424,0.0,0.2719999999999999,SWLSKSAKKLENSAKKRISEGIAIAIKGGPR,0.41133333333333333,0.222,0.37933333333333336,0.8213333333333335,0.010333333333333333,0.18899999999999997,0.8486666666666668,0.042333333333333334,0.16,0.8766666666666666,0.04933333333333334,0.127
sequence_187,0.237,0.214,0.22,0.704,0.943,0.993,0.78,0.971,0.972,,,0.216,0.197,0.188,0.254,0.146,0.195,0.12,0.006,-0.045,0.08,0.001,-0.122,,,0.309,0.178,0.019,0.51,0.64,0.584,0.176,0.051,0.094,0.125,0.028,0.184,,,0.48,0.625,0.803,0.026,0.493,0.4935,0.445,0.097,0.2265,0.529,0.41,0.28,GKVWRFIRKLFKKFWEKFAK,0.20033333333333334,0.16866666666666666,0.636,0.22366666666666665,0.19833333333333333,0.578,0.9076666666666666,-0.013666666666666666,0.11233333333333333,0.8799999999999999,0.027,0.10699999999999998
sequence_18739,0.172,0.1,0.192,0.823,0.976,0.904,0.804,0.891,0.665,,,0.405,0.521,0.117,0.235,0.179,0.1,0.092,0.023,-0.043,0.084,0.0,-0.019,,,0.253,0.0,-0.004,0.594,0.721,0.691,0.096,0.0,0.175,0.1,0.11,0.397,,,0.349,0.479,0.955,0.024,0.614,0.5005,0.454,0.217,0.301,0.522,0.169,0.1984999999999999,LITKLIKGLLKKL,0.34766666666666673,0.083,0.5943333333333333,0.15466666666666667,0.17133333333333334,0.6686666666666666,0.7866666666666667,0.021666666666666667,0.20233333333333334,0.9009999999999999,0.023999999999999997,0.09033333333333333
sequence_19128,0.5,0.65,0.386,0.775,0.981,0.915,0.752,0.988,0.923,,,0.375,0.7,0.177,0.185,0.006,-0.019,0.116,0.018,-0.045,0.114,0.0,-0.092,,,0.247,0.0,0.013,0.313,0.344,0.676,0.111,0.001,0.162,0.123,0.012,0.241,,,0.379,0.3,0.833,0.113,1.0,0.5,0.357,0.0,0.315,0.53,0.0,0.185,LRLRKRLLRLLRKVSKL,0.41733333333333333,0.08666666666666667,0.504,0.512,0.05733333333333334,0.4443333333333334,0.8876666666666667,0.007333333333333335,0.12533333333333332,0.8903333333333334,0.02966666666666667,0.09133333333333334
sequence_19309,0.167,0.216,0.095,0.825,0.96,,0.811,0.847,0.711,,,0.166,0.233,0.09,0.298,0.06,0.166,0.097,0.003,,0.056,0.013,-0.026,,,0.304,0.016,-0.001,0.529,0.723,0.712,0.08,0.037,,0.125,0.139,0.35,,,0.531,0.752,0.958,0.018,0.326,0.329,0.43,0.134,0.285,0.552,0.54,0.386,KIFKFIKKLLKKL,0.163,0.10633333333333334,0.7469999999999999,0.15933333333333333,0.17466666666666666,0.6546666666666666,0.7896666666666666,0.014333333333333337,0.20466666666666666,0.8925,0.05,0.058499999999999996
sequence_1933,0.599,0.5,0.478,0.795,0.985,0.875,0.798,0.977,0.825,,,0.254,0.417,0.138,0.131,0.028,-0.019,0.106,0.015,-0.032,0.081,0.021,-0.016,,,0.311,0.009,0.064,0.266,0.473,0.575,0.102,0.0,0.186,0.111,0.002,0.215,,,0.441,0.574,0.827,0.154,0.518,0.302,0.308,0.0,0.3485,0.538,0.482,0.3495,WKLAKKLLKALKKLLKKL,0.26966666666666667,0.128,0.614,0.5256666666666666,0.04666666666666667,0.438,0.8666666666666666,0.02866666666666667,0.10933333333333334,0.8850000000000001,0.029666666666666664,0.09599999999999999
sequence_19500,0.699,0.667,0.399,0.525,0.998,0.818,0.439,1.0,0.817,,,0.413,0.892,0.113,0.129,0.004,0.138,0.239,0.003,0.0,0.248,0.0,0.003,,,0.242,0.004,0.343,0.169,0.329,0.719,0.248,0.0,0.198,0.313,0.0,0.222,,,0.352,0.104,0.563,0.208,1.0,0.4595,0.333,0.0,0.364,0.459,0.0,0.1765,KKLLKKLVKNLKKANKALLKAVIALVALVA,0.4726666666666666,0.19633333333333333,0.3396666666666666,0.5883333333333334,0.09033333333333333,0.4056666666666667,0.7520000000000001,0.08366666666666667,0.17833333333333334,0.7803333333333334,0.08066666666666666,0.14866666666666667
sequence_19757,0.025,0.027,0.03,0.661,0.841,0.789,0.718,0.826,0.914,,,0.021,0.061,-0.028,0.483,0.516,0.131,0.149,0.02,-0.014,0.091,0.006,-0.054,,,0.426,0.184,0.264,0.474,0.457,0.534,0.194,0.139,0.208,0.173,0.168,0.176,,,0.545,0.754,0.785,0.0,0.232,0.099,0.505,0.2,0.356,0.495,0.568,0.5449999999999999,GLWKKFKKKFFKFFKRIS,0.018000000000000002,0.29133333333333333,0.6946666666666667,0.027333333333333334,0.37666666666666665,0.48833333333333334,0.8193333333333334,0.014333333333333335,0.1723333333333333,0.7636666666666666,0.05166666666666666,0.18033333333333335
sequence_19956,0.853,0.946,0.838,0.808,0.99,,0.752,0.993,0.814,,,0.422,0.569,0.189,0.055,0.01,-0.105,0.101,0.008,,0.1,0.004,-0.001,,,0.215,0.0,-0.015,0.093,0.044,0.336,0.102,0.002,,0.147,0.003,0.202,,,0.363,0.43,0.874,0.323,0.531,0.419,0.262,0.157,0.225,0.415,0.312,0.356,LKKLWKRILERIKRFLRALARVAR,0.3933333333333333,0.06666666666666667,0.5556666666666666,0.879,-0.01333333333333333,0.15766666666666668,0.8530000000000001,0.034333333333333334,0.11733333333333333,0.899,0.05450000000000001,0.052
sequence_20164,0.063,0.085,0.058,0.76,0.981,0.812,0.688,0.889,1.008,,,0.04,0.155,0.075,0.348,0.291,0.281,0.147,0.0,0.001,0.12,0.005,-0.119,,,0.317,0.033,0.072,0.58,0.624,0.696,0.083,0.019,0.208,0.195,0.106,0.229,,,0.63,0.812,0.848,0.0,0.405,0.281,0.495,0.136,0.3285,0.505,0.459,0.3904999999999999,GKVYRFIKRFVRKFLKKFAK,0.09000000000000001,0.14066666666666666,0.7633333333333333,0.06866666666666667,0.3066666666666667,0.6333333333333333,0.8616666666666667,0.0020000000000000018,0.17666666666666667,0.851,0.04933333333333333,0.10333333333333333
sequence_20213,0.85,0.972,0.794,0.809,0.973,0.854,0.655,1.0,0.903,,,0.47,0.778,0.259,0.065,0.008,-0.074,0.088,0.015,-0.015,0.14,0.0,-0.034,,,0.166,0.222,0.057,0.071,0.02,0.452,0.101,0.01,0.196,0.212,0.0,0.272,,,0.366,0.0,0.722,0.296,0.929,0.472,0.282,0.071,0.2185,0.422,0.0,0.3095,RAGLKKVVKVLKKGNKDLQRLVEKLLQRVA,0.5023333333333334,0.14833333333333334,0.3626666666666667,0.872,-0.000333333333333329,0.18100000000000002,0.8526666666666666,0.035333333333333335,0.16133333333333333,0.8786666666666667,0.029333333333333333,0.10233333333333333
sequence_2055,0.804,0.726,0.419,0.784,0.982,0.894,0.801,1.0,0.955,,,0.247,0.226,0.215,0.074,0.003,0.011,0.123,0.018,0.004,0.084,0.0,-0.112,,,0.26,0.005,0.007,0.123,0.271,0.613,0.087,0.0,0.244,0.114,0.0,0.256,,,0.494,0.77,0.816,0.223,0.742,0.4465,0.368,0.0,0.2465,0.409,0.258,0.307,GLVTLLGRALKIAYRALRGLLR,0.2293333333333333,0.09066666666666667,0.6933333333333334,0.6496666666666667,0.029333333333333333,0.3356666666666667,0.9186666666666667,-0.009333333333333332,0.12333333333333334,0.8866666666666667,0.04833333333333333,0.11033333333333332
sequence_20960,-0.004,0.018,,0.82,0.866,0.781,0.17,0.152,0.231,,,-0.019,0.017,,0.417,0.305,,0.064,0.022,0.056,0.394,0.312,0.229,,,0.409,0.34,,0.566,0.676,,0.109,0.113,0.156,0.432,0.536,0.531,,,0.591,0.644,,0.007,0.044,0.109,0.506,0.451,0.452,0.487,0.505,0.439,RWGRLYRKWIRWVYNWV,-0.0009999999999999992,0.3745,0.6174999999999999,0.006999999999999999,0.361,0.621,0.18433333333333335,0.31166666666666665,0.4996666666666667,0.8223333333333334,0.04733333333333333,0.126
sequence_222,0.439,0.339,0.327,0.835,0.935,0.785,0.729,0.995,0.89,,,0.221,0.372,0.114,0.188,0.023,0.032,0.058,0.002,-0.084,0.104,0.001,-0.017,,,0.299,0.279,-0.018,0.37,0.638,0.63,0.09,0.063,0.465,0.167,0.004,0.289,,,0.476,0.348,0.945,0.048,0.532,0.189,0.473,0.162,0.344,0.479,0.306,0.4669999999999999,SKIKFINKYLRKSFLKRLAVRS,0.23566666666666666,0.18666666666666668,0.5896666666666667,0.36833333333333335,0.081,0.5459999999999999,0.8713333333333333,0.029333333333333333,0.15333333333333332,0.8516666666666667,-0.008,0.206
sequence_22416,0.834,0.974,0.625,0.73,0.975,0.907,0.66,0.994,0.892,,,0.404,0.777,0.19,0.073,0.001,-0.02,0.108,0.025,-0.009,0.124,0.003,0.0,,,0.252,0.223,0.048,0.088,0.025,0.483,0.161,0.0,0.251,0.221,0.003,0.265,,,0.342,0.0,0.799,0.27,0.996,0.5215,0.301,0.004,0.243,0.429,0.0,0.2355,SWLSKSVKKLENSAKKRISEGIAIAIKGGPR,0.457,0.17433333333333334,0.38033333333333336,0.8109999999999999,0.018,0.19866666666666666,0.8486666666666666,0.042333333333333334,0.163,0.8706666666666667,0.04133333333333334,0.13733333333333334
sequence_224657_inspired_LFRVVRRVVRFIRRAA,,,0.301,,,0.789,,,,,,,,0.026,,,0.215,,,-0.013,,,,,,,,0.184,,,0.5,,,0.21,,,,,,,,0.788,0.068,0.426,0.1445,0.412,0.115,0.4034999999999999,0.52,0.459,0.452,FFRRLLMRWLRFTRRA,0.026,0.184,0.788,0.301,0.215,0.5,,,,0.789,-0.013,0.21
sequence_22630,0.445,0.474,0.241,0.819,0.983,0.884,0.727,0.984,0.948,,,0.62,0.568,0.378,0.205,0.0,-0.023,0.096,0.017,-0.049,0.13,0.015,-0.05,,,0.116,0.053,0.171,0.355,0.526,0.829,0.083,0.0,0.185,0.145,0.0,0.242,,,0.262,0.38,0.473,0.012,0.877,0.433,0.464,0.0,0.195,0.524,0.123,0.372,GFLLKKSVAKLGKVNTALRNLVSKLTHEVR,0.5219999999999999,0.11333333333333334,0.37166666666666665,0.3866666666666667,0.06066666666666667,0.57,0.8863333333333333,0.03166666666666667,0.129,0.8953333333333333,0.021333333333333333,0.08933333333333333
sequence_22839,0.62,0.453,0.488,0.753,0.834,0.874,0.835,0.979,0.873,,,0.382,0.395,0.157,0.116,0.033,-0.02,0.078,0.021,-0.038,0.07,0.021,-0.046,,,0.257,0.605,-0.017,0.261,0.515,0.553,0.167,0.145,0.2,0.088,0.0,0.197,,,0.367,0.0,0.878,0.108,1.0,0.211,0.405,0.0,0.286,0.487,0.0,0.503,NKLKFFNKWVKKLHLKKILVRS,0.31133333333333335,0.2816666666666667,0.41500000000000004,0.5203333333333333,0.04300000000000001,0.44300000000000006,0.8956666666666667,0.015000000000000005,0.09500000000000001,0.8203333333333332,0.020333333333333335,0.17066666666666666
sequence_22956,0.635,0.469,0.386,0.712,0.984,,0.702,0.997,0.883,,,0.485,0.541,0.274,0.15,0.002,0.147,0.098,0.004,,0.145,0.003,-0.004,,,0.185,0.0,0.095,0.213,0.529,0.48,0.191,0.012,,0.154,0.0,0.285,,,0.321,0.459,0.766,0.074,0.457,0.1999999999999999,0.444,0.174,0.3285,0.482,0.369,0.4715,GFFALIPKIISTPLIKTLLSAVGSAITSIGVLK,0.43333333333333335,0.09333333333333334,0.5153333333333333,0.49666666666666676,0.09966666666666667,0.4073333333333333,0.8606666666666666,0.047999999999999994,0.14633333333333332,0.848,0.051000000000000004,0.1015
sequence_23116,0.727,0.54,0.453,0.798,0.993,0.819,0.724,0.995,0.813,,,0.404,0.503,0.193,0.092,0.022,0.118,0.099,0.007,-0.01,0.109,0.005,-0.006,,,0.233,0.0,0.022,0.178,0.438,0.458,0.094,0.0,0.207,0.166,0.0,0.202,,,0.368,0.497,0.821,0.081,0.477,0.2295,0.436,0.182,0.3035,0.483,0.341,0.4669999999999999,GWLKKIGKKIERVGNHTRDATIQGLGIAQQAATVAATVR,0.3666666666666667,0.085,0.5619999999999999,0.5733333333333334,0.07733333333333332,0.35800000000000004,0.844,0.036,0.12266666666666666,0.87,0.03200000000000001,0.10033333333333333
sequence_23399,0.053,0.055,0.083,0.795,0.761,0.595,0.581,0.666,0.512,,,0.041,0.047,0.097,0.393,0.272,0.264,0.063,0.02,0.053,0.126,0.024,0.035,,,0.358,0.23,0.238,0.544,0.673,0.607,0.132,0.219,0.352,0.293,0.31,0.464,,,0.584,0.722,0.635,0.0,0.209,0.123,0.48,0.287,0.4054999999999999,0.52,0.504,0.4715,KLLRRAVRWLLKF,0.06166666666666667,0.2753333333333333,0.647,0.06366666666666666,0.3096666666666667,0.608,0.5863333333333333,0.06166666666666667,0.35566666666666663,0.717,0.04533333333333334,0.2343333333333333
sequence_234,0.844,0.85,0.552,0.706,0.984,0.985,0.809,0.982,0.866,,,0.439,0.457,0.301,0.051,0.005,-0.043,0.144,0.016,0.028,0.098,0.0,-0.048,,,0.177,0.0,-0.018,0.103,0.146,0.557,0.163,0.0,0.335,0.095,0.018,0.179,,,0.384,0.544,0.759,0.307,1.0,0.531,0.239,0.0,0.2065,0.454,0.0,0.2625,LLPIVGNILKSLLGWKRKRFG,0.399,0.053,0.5623333333333334,0.7486666666666667,0.004333333333333332,0.26866666666666666,0.8856666666666667,0.016666666666666666,0.09733333333333333,0.8916666666666666,0.06266666666666666,0.166
sequence_234163_inspired_RRLLRLLRLLL,,0.046,0.109,,0.197,0.163,,0.235,0.233,,,,0.052,0.044,,0.422,0.242,,0.327,0.29,,0.174,0.211,,,,0.334,0.265,,0.533,0.447,,0.477,0.512,,0.592,0.576,,,,0.614,0.675,0.0,0.094,0.0105,0.506,0.368,0.4559999999999999,0.494,0.538,0.5335000000000001,RRLFKRILKWL,0.048,0.2995,0.6445000000000001,0.0775,0.33199999999999996,0.49,0.23399999999999999,0.1925,0.584,0.18,0.3085,0.4945
sequence_23458,0.43,0.392,0.372,0.856,0.992,,0.853,0.982,0.943,,,0.052,0.202,0.114,0.086,0.101,0.105,0.037,0.008,,0.074,0.018,-0.114,,,0.361,0.046,0.051,0.481,0.507,0.512,0.094,0.0,,0.063,0.0,0.24,,,0.583,0.752,0.855,0.047,0.452,0.273,0.476,0.154,0.3115,0.477,0.394,0.4155,NKIKWFKRWLKKLKLRKSLVQS,0.12266666666666666,0.15266666666666664,0.73,0.39799999999999996,0.09733333333333333,0.5,0.926,-0.007333333333333335,0.10099999999999999,0.9239999999999999,0.0225,0.047
sequence_24201,0.76,0.544,0.516,0.753,0.982,0.971,0.811,0.994,0.812,,,0.415,0.493,,0.059,0.006,0.017,0.12,0.018,-0.062,0.1,0.006,-0.01,,,0.204,0.0,,0.175,0.451,0.506,0.116,0.0,0.148,0.076,0.0,0.192,,,0.371,0.507,,0.104,0.597,0.1915,0.41,0.093,0.2785,0.486,0.31,0.53,IKALGKVVRKLKKFNKSLVSIVADLANLVK,0.45399999999999996,0.102,0.439,0.6066666666666667,0.027333333333333334,0.37733333333333335,0.8723333333333333,0.03200000000000001,0.08933333333333333,0.902,0.02533333333333333,0.08800000000000001
sequence_25004,0.614,0.387,0.368,0.668,0.983,0.813,0.626,0.991,0.821,,,0.557,0.512,0.383,0.146,0.053,0.147,0.112,0.017,0.007,0.136,0.001,0.035,,,0.158,0.185,0.179,0.238,0.559,0.646,0.229,0.0,0.221,0.239,0.008,0.319,,,0.291,0.303,0.517,0.059,0.284,0.0969999999999999,0.418,0.283,0.401,0.523,0.433,0.502,GFFALIPKIISNPIFKTLLSAAGSGLSSIGSKK,0.484,0.17400000000000002,0.37033333333333335,0.45633333333333326,0.11533333333333333,0.48100000000000004,0.8126666666666665,0.05733333333333334,0.18866666666666668,0.8213333333333334,0.04533333333333334,0.15
sequence_2516,0.05,0.091,0.105,0.612,0.871,0.865,0.683,0.528,0.523,,,0.073,0.33,0.135,0.358,0.217,0.145,0.169,0.049,-0.022,0.099,0.009,-0.027,,,0.407,0.023,0.008,0.599,0.693,0.765,0.217,0.08,0.156,0.221,0.463,0.54,,,0.505,0.647,0.889,0.026,0.149,0.0965,0.483,0.259,0.3455,0.491,0.592,0.558,LKKIWSKIKKLLK,0.17933333333333334,0.146,0.6803333333333335,0.082,0.24,0.6856666666666666,0.578,0.027,0.4080000000000001,0.7826666666666666,0.06533333333333334,0.151
sequence_252838_inspired_LLLFLLKKRKKRKY,,,0.165,,,0.477,,,0.618,,,,,0.097,,,0.552,,,0.133,,,0.053,,,,,0.121,,,0.257,,,0.384,,,0.336,,,,,0.784,0.0,0.233,0.0885,0.504,0.23,0.3445,0.496,0.537,0.567,LKRFWRVLKKLWKK,0.097,0.121,0.784,0.165,0.552,0.257,0.618,0.053,0.336,0.477,0.133,0.384
sequence_25555,0.722,0.552,0.386,0.679,0.992,0.86,0.587,0.988,0.869,,,0.514,0.498,0.045,0.133,0.024,0.102,0.143,0.008,0.004,0.18,0.012,0.006,,,0.164,0.044,0.182,0.143,0.423,0.659,0.17,0.0,0.296,0.248,0.0,0.282,,,0.321,0.458,0.855,0.118,0.914,0.22,0.43,0.062,0.3319999999999999,0.452,0.024,0.448,GWLKKIGKKIERVGQHTRDATIQGIGIAQQAINVAATAK,0.35233333333333333,0.13,0.5446666666666666,0.5533333333333333,0.08633333333333333,0.4083333333333334,0.8146666666666667,0.066,0.17666666666666667,0.8436666666666667,0.051666666666666666,0.15533333333333332
sequence_25831,0.799,0.693,0.585,0.831,0.961,0.941,0.791,0.99,0.891,,,0.403,0.408,0.245,0.071,0.015,0.043,0.07,0.01,-0.109,0.114,0.009,-0.046,,,0.25,0.591,0.005,0.122,0.292,0.381,0.093,0.029,0.308,0.093,0.0,0.179,,,0.349,0.0,0.799,0.197,0.839,0.228,0.408,0.0,0.287,0.395,0.161,0.485,NKLKYLNRWLKKLQLKRILVKS,0.35200000000000004,0.282,0.3826666666666667,0.6923333333333334,0.043000000000000003,0.26499999999999996,0.8906666666666667,0.025666666666666667,0.09066666666666667,0.9109999999999999,-0.009666666666666665,0.14333333333333334
sequence_2626,0.485,0.224,0.375,0.803,0.979,0.898,0.763,1.0,0.818,,,0.471,0.249,0.321,0.205,0.131,0.013,0.111,0.02,-0.05,0.126,0.0,-0.007,,,0.22,0.019,-0.023,0.305,0.645,0.668,0.079,0.0,0.181,0.113,0.0,0.214,,,0.31,0.732,0.74,0.033,0.652,0.298,0.456,0.093,0.2735,0.511,0.255,0.4285,KWKLFKKIEKVGRNIRDGIIKAGPAVAVVGQAASLAK,0.347,0.072,0.594,0.36133333333333334,0.11633333333333333,0.5393333333333333,0.8603333333333333,0.03966666666666666,0.109,0.8933333333333334,0.027,0.08666666666666667
sequence_26266,0.854,0.972,0.939,0.494,0.984,0.824,0.781,0.976,0.84,,,0.447,0.701,0.265,0.063,0.027,-0.115,0.222,0.007,-0.001,0.106,0.019,-0.018,,,0.22,0.0,0.01,0.087,0.0,0.21,0.289,0.009,0.215,0.114,0.005,0.192,,,0.337,0.299,0.762,0.535,1.0,0.5065,0.123,0.0,0.2525,0.342,0.0,0.241,VSRFFKRIVEKIKRWLRSLLKSLR,0.4709999999999999,0.07666666666666667,0.466,0.9216666666666667,-0.008333333333333337,0.09899999999999999,0.8656666666666667,0.035666666666666666,0.10366666666666667,0.7673333333333333,0.076,0.171
sequence_26582,0.013,0.038,0.134,0.162,0.17,0.129,0.201,0.21,0.195,,,0.011,0.044,0.043,0.441,0.426,0.305,0.34,0.342,0.33,0.312,0.269,0.294,,,0.41,0.374,0.232,0.526,0.535,0.394,0.499,0.488,0.539,0.488,0.521,0.51,,,0.574,0.582,0.635,0.0,0.068,0.023,0.525,0.435,0.4595,0.475,0.497,0.5175,FKRLYRRWKKWFKWF,0.03266666666666666,0.33866666666666667,0.597,0.06166666666666667,0.39066666666666666,0.48500000000000004,0.20200000000000004,0.2916666666666667,0.5063333333333333,0.15366666666666667,0.3373333333333333,0.5086666666666667
sequence_2670,0.826,0.958,0.796,0.716,0.987,0.925,0.737,0.985,0.814,,,0.415,0.456,0.202,0.073,0.004,-0.067,0.114,0.013,-0.008,0.125,0.015,-0.005,,,0.236,0.0,0.042,0.09,0.037,0.283,0.176,0.0,0.237,0.141,0.0,0.197,,,0.353,0.543,0.799,0.273,0.988,0.517,0.274,0.012,0.253,0.453,0.0,0.23,GIGAVLKVLTTVLPALIKWIKRKRQQ,0.35766666666666663,0.09266666666666666,0.5650000000000001,0.86,0.003333333333333332,0.13666666666666666,0.8453333333333334,0.045000000000000005,0.11266666666666665,0.876,0.03966666666666666,0.13766666666666666
sequence_26703,0.602,0.492,0.506,0.825,0.989,,0.803,0.983,0.925,,,0.422,0.25,0.259,0.104,0.024,0.016,0.09,0.01,,0.054,0.016,-0.049,,,0.25,0.047,-0.019,0.288,0.485,0.462,0.082,0.002,,0.138,0.0,0.273,,,0.323,0.704,0.798,0.044,0.282,0.1645,0.474,0.284,0.372,0.482,0.434,0.4635,GFFALIPKIISSPLFKNLLSAVSSALSSIGSSK,0.3103333333333333,0.09266666666666666,0.6083333333333333,0.5333333333333333,0.04800000000000001,0.4116666666666666,0.9036666666666667,0.007000000000000002,0.137,0.907,0.049999999999999996,0.042
sequence_2676,0.05,0.058,0.066,0.703,0.95,,0.788,0.887,0.828,,,0.052,0.216,0.028,0.403,0.313,0.23,0.147,0.001,,0.074,0.001,-0.041,,,0.382,0.009,0.002,0.544,0.629,0.661,0.155,0.048,,0.132,0.111,0.25,,,0.558,0.775,0.951,0.0,0.315,0.131,0.488,0.207,0.338,0.512,0.478,0.531,FAKKLAKLAKKLLKLF,0.09866666666666668,0.131,0.7613333333333334,0.058,0.3153333333333333,0.6113333333333334,0.8343333333333334,0.011333333333333332,0.16433333333333333,0.8265,0.074,0.1015
sequence_2747,0.476,0.481,0.31,0.835,0.978,1.007,0.813,0.97,0.848,,,0.234,0.461,0.149,0.164,0.101,-0.018,0.069,0.022,-0.129,0.075,0.012,-0.09,,,0.326,0.0,-0.028,0.367,0.418,0.756,0.093,0.0,0.202,0.114,0.018,0.401,,,0.441,0.54,0.92,0.084,0.741,0.4595,0.387,0.052,0.2385,0.529,0.207,0.302,GLIKLAKKLLKAFKKI,0.2813333333333334,0.09933333333333333,0.6336666666666667,0.4223333333333333,0.08233333333333334,0.5136666666666666,0.8769999999999999,-0.0010000000000000009,0.17766666666666667,0.94,-0.012666666666666668,0.09833333333333334
sequence_27493,0.394,0.298,0.228,0.706,0.99,1.047,0.79,0.977,0.826,,,0.382,0.648,0.176,0.244,0.006,0.024,0.096,0.008,-0.065,0.087,0.023,-0.014,,,0.267,0.0,-0.023,0.363,0.696,0.729,0.199,0.002,0.107,0.117,0.0,0.217,,,0.353,0.352,0.888,0.043,0.872,0.348,0.447,0.0,0.2875,0.51,0.128,0.3645,KLLRKLLRRLLKKLKKL,0.40199999999999997,0.08133333333333334,0.531,0.30666666666666664,0.09133333333333334,0.596,0.8643333333333333,0.031999999999999994,0.11133333333333334,0.9143333333333333,0.013000000000000003,0.10266666666666667
sequence_27943,0.806,0.997,0.946,0.755,0.974,1.03,0.725,0.982,0.817,,,0.495,0.757,0.278,0.106,0.002,-0.108,0.11,0.0,-0.083,0.12,0.018,-0.005,,,0.173,0.0,-0.021,0.086,0.0,0.232,0.145,0.026,0.191,0.161,0.0,0.196,,,0.335,0.243,0.792,0.52,1.0,0.5265,0.141,0.0,0.205,0.339,0.0,0.2685,IVRVWKRIVERLKRFLRSLAKSLR,0.51,0.050666666666666665,0.4566666666666667,0.9163333333333332,0.0,0.106,0.8413333333333334,0.04433333333333333,0.119,0.9196666666666667,0.009,0.12066666666666666
sequence_28653,0.651,1.0,0.882,0.451,0.987,0.829,0.572,0.982,0.868,,,0.422,0.732,0.119,0.153,0.0,-0.015,0.254,0.0,0.0,0.139,0.018,0.01,,,0.247,0.211,0.335,0.206,0.0,0.28,0.311,0.013,0.218,0.293,0.0,0.257,,,0.341,0.057,0.583,0.891,1.0,0.5045,0.109,0.0,0.2745,0.0,0.0,0.221,SWLSKTLKKLENSAKKKISEGIAIAIKGGPR,0.4243333333333333,0.2643333333333333,0.327,0.8443333333333333,0.046000000000000006,0.162,0.8073333333333332,0.05566666666666667,0.18333333333333335,0.7556666666666666,0.08466666666666667,0.18066666666666667
sequence_28698,0.52,0.618,0.439,0.784,0.985,0.865,0.741,0.979,0.811,,,0.45,0.861,0.234,0.175,0.011,-0.009,0.107,0.015,-0.023,0.124,0.018,-0.003,,,0.203,0.139,0.041,0.306,0.372,0.643,0.112,0.0,0.188,0.137,0.002,0.219,,,0.348,0.0,0.771,0.092,1.0,0.5725,0.419,0.0,0.3365,0.489,0.0,0.091,GLIKVIKSLLKKL,0.515,0.12766666666666668,0.373,0.5256666666666666,0.059,0.4403333333333333,0.8436666666666667,0.04633333333333333,0.11933333333333333,0.8780000000000001,0.033,0.09999999999999999
sequence_2877,0.06,0.163,0.174,0.708,0.959,,0.693,0.822,0.356,,,0.07,0.383,0.149,0.28,0.119,0.045,0.159,0.006,,0.119,0.001,0.113,,,0.39,0.315,-0.013,0.653,0.718,0.801,0.138,0.034,,0.183,0.177,0.68,,,0.535,0.303,0.918,0.034,0.416,0.112,0.455,0.251,0.3545,0.511,0.333,0.5335,KLKKLLKKLLKWL,0.20066666666666666,0.2306666666666667,0.5853333333333334,0.13233333333333333,0.148,0.7240000000000001,0.6236666666666667,0.07766666666666666,0.3466666666666667,0.8334999999999999,0.0825,0.08600000000000001
sequence_2943,0.716,0.74,0.344,0.741,0.99,,0.705,0.99,0.812,,,0.492,0.728,0.24,0.105,0.04,0.125,0.109,0.008,,0.116,0.0,0.038,,,0.138,0.0,0.003,0.169,0.22,0.569,0.149,0.002,,0.179,0.009,0.307,,,0.367,0.273,0.792,0.141,0.228,0.2705,0.379,0.309,0.2585,0.48,0.463,0.471,GFFALIPKIISKPALKKLLSAVGSGLSSISGKE,0.48666666666666664,0.04700000000000001,0.47733333333333333,0.6,0.09000000000000001,0.3193333333333333,0.8356666666666666,0.051333333333333335,0.165,0.8654999999999999,0.058499999999999996,0.0755
sequence_29645,,0.029,-0.081,0.06,0.028,0.023,0.159,0.193,0.128,,,,0.029,0.004,,0.529,0.523,0.401,0.473,0.388,0.39,0.326,0.361,,,,0.541,0.059,,0.442,0.472,0.541,0.498,0.444,0.445,0.481,0.511,,,,0.43,0.035,0.0,0.0,0.0,0.538,0.528,0.541,0.462,0.472,0.459,GKIRRRFLSRIGRYWRLLSIFKT,0.0165,0.30000000000000004,0.23249999999999998,-0.026000000000000002,0.526,0.45699999999999996,0.16,0.359,0.4789999999999999,0.037,0.4206666666666667,0.49433333333333335
sequence_2973,0.806,0.984,0.867,0.408,1.0,0.811,0.587,0.986,0.82,,,0.471,0.647,0.132,0.082,0.014,-0.059,0.266,0.0,0.002,0.161,0.008,-0.002,,,0.168,0.177,0.317,0.11,0.002,0.199,0.337,0.0,0.21,0.258,0.005,0.213,,,0.358,0.176,0.581,0.774,1.0,0.448,0.069,0.0,0.2985,0.157,0.0,0.2535,SGRLFKRIVERLKRWLRVLLRSLR,0.4166666666666667,0.22066666666666665,0.37166666666666665,0.8856666666666667,0.012333333333333335,0.10366666666666667,0.7976666666666666,0.05566666666666667,0.15866666666666665,0.7396666666666666,0.08933333333333333,0.18233333333333335
sequence_2997,0.037,0.074,0.069,0.755,0.726,0.771,0.53,0.639,0.4,,,0.048,0.204,0.109,0.289,0.154,0.14,0.082,0.004,-0.065,0.146,0.024,-0.033,,,0.25,0.036,0.027,0.662,0.772,0.769,0.151,0.27,0.346,0.307,0.337,0.671,,,0.702,0.76,0.863,0.0,0.101,0.119,0.514,0.371,0.3965,0.486,0.528,0.4845,LKKLKKLFKKSVKKI,0.12033333333333333,0.10433333333333333,0.775,0.06,0.19433333333333333,0.7343333333333334,0.523,0.04566666666666666,0.4383333333333333,0.7506666666666666,0.007000000000000002,0.25566666666666665
sequence_3094,0.01,0.038,,0.065,0.171,0.232,0.021,0.058,,,,-0.002,0.026,0.085,0.415,0.393,,0.359,0.385,0.307,0.341,0.322,,,,0.317,0.347,0.328,0.556,0.569,,0.573,0.443,0.302,0.624,0.62,,,,0.67,0.627,0.605,0.0,0.0,0.0015,0.534,0.562,0.5005000000000001,0.466,0.438,0.498,RWKRWWRWV,0.036333333333333336,0.33066666666666666,0.634,0.024,0.404,0.5625,0.0395,0.3315,0.622,0.156,0.35033333333333333,0.43933333333333335
sequence_30966,0.879,0.982,0.824,0.728,0.99,0.892,0.618,0.997,0.877,,,0.419,0.667,0.267,0.051,0.018,-0.072,0.136,0.009,-0.004,0.131,0.003,0.003,,,0.226,0.0,-0.016,0.069,0.0,0.34,0.133,0.0,0.247,0.254,0.0,0.271,,,0.358,0.333,0.79,0.281,0.968,0.5145,0.321,0.032,0.225,0.398,0.0,0.2605,SWLSKTAKKLENAAKKRISEGIAIAIKGGPR,0.45100000000000007,0.07,0.4936666666666667,0.895,-0.0010000000000000009,0.13633333333333333,0.8306666666666667,0.04566666666666667,0.17500000000000002,0.87,0.04700000000000001,0.12666666666666668
sequence_3183,0.415,0.308,0.271,0.57,0.776,0.971,0.791,0.916,0.909,,,0.026,0.145,0.011,0.168,0.151,0.19,0.223,0.087,-0.052,0.121,0.001,-0.045,,,0.427,0.047,0.053,0.413,0.54,0.522,0.214,0.137,0.089,0.077,0.083,0.154,,,0.553,0.809,0.919,0.109,0.507,0.299,0.393,0.075,0.3905,0.498,0.418,0.3105,RWGRFLRKIRRFFRK,0.06066666666666667,0.17566666666666667,0.7603333333333334,0.3313333333333333,0.16966666666666666,0.4916666666666667,0.872,0.025666666666666667,0.10466666666666667,0.7723333333333334,0.08600000000000001,0.14666666666666664
sequence_3242,0.868,0.893,0.77,0.812,0.934,0.826,0.658,0.987,0.923,,,0.443,0.505,0.335,0.048,0.0,-0.061,0.092,0.012,-0.018,0.132,0.0,-0.044,,,0.219,0.0,-0.002,0.08,0.108,0.383,0.09,0.054,0.219,0.217,0.013,0.26,,,0.338,0.494,0.719,0.227,0.944,0.148,0.388,0.056,0.351,0.385,0.0,0.501,MEKLSSQVLRLRVYNKLLNRYVRKLSRRVK,0.42766666666666664,0.07233333333333333,0.517,0.8436666666666667,-0.004333333333333332,0.19033333333333333,0.856,0.029333333333333336,0.16333333333333333,0.8573333333333334,0.028666666666666663,0.121
sequence_32806,0.583,0.464,0.481,0.772,0.978,,0.846,0.993,0.908,,,0.367,0.688,0.18,0.114,0.011,-0.003,0.096,0.022,,0.07,0.006,-0.108,,,0.253,0.0,-0.012,0.305,0.524,0.566,0.133,0.0,,0.086,0.0,0.287,,,0.381,0.313,0.872,0.187,0.995,0.407,0.336,0.005,0.293,0.477,0.0,0.3,LRLKKLLARLLKKLKKL,0.4116666666666666,0.08033333333333333,0.5219999999999999,0.5093333333333333,0.04066666666666666,0.465,0.9156666666666666,-0.010666666666666663,0.12433333333333334,0.875,0.059,0.0665
sequence_33215,0.554,0.534,0.686,0.466,0.903,0.828,0.489,1.0,0.817,,,0.453,0.005,0.278,0.179,0.027,0.089,0.238,0.097,0.046,0.218,0.0,0.047,,,0.24,0.154,0.165,0.275,0.44,0.385,0.304,0.0,0.292,0.305,0.0,0.307,,,0.315,0.841,0.701,0.129,0.453,0.263,0.444,0.28,0.3365,0.427,0.267,0.4004999999999999,GWLKKIGKKIERVGQHTRDATIQTIGIAQQAANVALTAR,0.24533333333333332,0.18633333333333335,0.6189999999999999,0.5913333333333334,0.09833333333333333,0.3666666666666667,0.7686666666666667,0.08833333333333333,0.204,0.7323333333333334,0.12699999999999997,0.19866666666666666
sequence_3347,0.072,0.103,0.169,0.83,0.981,0.943,0.779,0.865,0.811,,,0.077,0.198,0.199,0.255,0.24,0.132,0.059,0.017,-0.104,0.085,0.008,-0.015,,,0.32,0.231,0.013,0.672,0.657,0.702,0.095,0.002,0.283,0.126,0.127,0.23,,,0.591,0.571,0.822,0.04,0.512,0.5125,0.424,0.103,0.256,0.536,0.385,0.2315,KLLKWLKKILKK,0.158,0.18800000000000003,0.6613333333333333,0.11466666666666665,0.209,0.677,0.8183333333333334,0.026,0.161,0.918,-0.009333333333333332,0.12666666666666668
sequence_335,0.4,0.255,0.291,0.852,0.977,0.956,0.844,0.992,1.015,,,0.226,0.574,0.147,0.141,0.066,0.093,0.067,0.022,-0.037,0.078,0.008,-0.116,,,0.318,0.0,0.022,0.455,0.679,0.628,0.071,0.0,0.216,0.069,0.0,0.229,,,0.458,0.426,0.854,0.02,0.777,0.2995,0.47,0.0,0.3295,0.51,0.223,0.371,KWKSFIKKLTSVAKKVLTTALKALS,0.31566666666666665,0.11333333333333334,0.5793333333333334,0.3153333333333333,0.09999999999999999,0.5873333333333334,0.9503333333333334,-0.010000000000000004,0.09933333333333334,0.9283333333333333,0.017333333333333333,0.09566666666666666
sequence_33553,0.171,0.171,0.142,0.744,0.966,,0.812,0.888,0.642,,,0.064,0.177,0.122,0.269,0.243,0.321,0.095,0.003,,0.064,0.0,-0.038,,,0.356,0.026,0.023,0.556,0.586,0.539,0.155,0.031,,0.118,0.112,0.443,,,0.574,0.798,0.863,0.0,0.26,0.243,0.493,0.261,0.288,0.507,0.479,0.469,GKLNKFLRKLARKFWEKFAK,0.121,0.135,0.745,0.16133333333333333,0.2776666666666667,0.5603333333333333,0.7806666666666667,0.008666666666666668,0.22433333333333336,0.855,0.049,0.093
sequence_33665,0.844,0.801,0.343,0.744,0.986,0.922,0.79,0.994,1.006,,,0.471,0.648,0.32,0.047,0.001,0.031,0.125,0.014,0.012,0.098,0.0,-0.113,,,0.219,0.0,-0.023,0.098,0.197,0.668,0.129,0.0,0.276,0.111,0.006,0.208,,,0.309,0.352,0.744,0.253,1.0,0.5225,0.315,0.0,0.2,0.432,0.0,0.2775,LLPIIGKLLNSLLGWKRKRFG,0.4796666666666667,0.06533333333333334,0.4683333333333333,0.6626666666666666,0.026333333333333334,0.321,0.93,-0.005,0.10833333333333334,0.884,0.05033333333333334,0.135
sequence_3391,-0.012,0.042,0.109,0.06,0.2,0.11,0.023,0.05,,,,-0.01,0.044,0.091,0.368,0.287,0.356,0.436,0.098,0.354,0.382,0.278,,,,0.443,0.236,0.287,0.617,0.672,0.542,0.496,0.701,0.544,0.581,0.672,,,,0.544,0.72,0.592,0.013,0.047,0.0215,0.494,0.41,0.48,0.493,0.543,0.4985,ILPWKWPAWKWRR,0.041666666666666664,0.322,0.6186666666666666,0.04633333333333334,0.337,0.6103333333333334,0.036500000000000005,0.33,0.6265000000000001,0.12333333333333334,0.296,0.5803333333333334
sequence_34207,0.8,0.631,0.655,0.856,0.956,0.79,0.808,0.974,0.902,,,0.405,0.429,0.23,0.063,0.01,-0.009,0.053,0.003,-0.093,0.087,0.026,-0.102,,,0.247,0.235,-0.023,0.136,0.358,0.389,0.08,0.04,0.434,0.102,0.0,0.368,,,0.354,0.336,0.822,0.199,0.607,0.199,0.365,0.047,0.316,0.436,0.346,0.485,PLITKLRLLKLRILRKGA,0.3546666666666667,0.153,0.504,0.6953333333333335,0.021333333333333333,0.29433333333333334,0.8946666666666667,0.0036666666666666653,0.15666666666666665,0.8673333333333333,-0.012333333333333333,0.18466666666666667
sequence_3439,0.034,0.063,0.079,0.64,0.887,0.992,0.772,0.802,0.678,,,0.03,0.173,0.028,0.403,0.228,0.228,0.145,0.045,-0.051,0.083,0.003,-0.008,,,0.386,0.016,-0.001,0.552,0.709,0.651,0.214,0.068,0.082,0.13,0.195,0.345,,,0.584,0.811,1.005,0.0,0.236,0.2865,0.51,0.269,0.305,0.49,0.495,0.4085,KFIKKIKKFFKKLKKL,0.077,0.13366666666666668,0.7999999999999999,0.058666666666666666,0.28633333333333333,0.6373333333333334,0.7506666666666667,0.026000000000000006,0.2233333333333333,0.8396666666666667,0.04633333333333334,0.12133333333333335
sequence_34561,0.155,0.16,0.134,0.839,0.921,0.843,0.879,0.794,0.589,,,0.034,0.088,0.074,0.325,0.302,0.3,0.049,0.002,-0.012,0.042,0.01,-0.004,,,0.318,0.105,0.133,0.52,0.538,0.57,0.107,0.077,0.163,0.074,0.196,0.437,,,0.643,0.806,0.776,0.001,0.246,0.101,0.505,0.29,0.402,0.494,0.464,0.497,FLKRWARLARRILKLGHK,0.06533333333333334,0.18533333333333335,0.7416666666666667,0.14966666666666667,0.309,0.5426666666666667,0.754,0.016,0.2356666666666667,0.8676666666666666,0.013000000000000003,0.11566666666666665
sequence_34953,0.624,0.48,0.414,0.84,0.975,,0.792,0.99,0.926,,,0.448,0.497,0.238,0.13,0.016,0.148,0.075,0.008,,0.072,0.009,-0.037,,,0.194,0.0,0.007,0.238,0.503,0.437,0.088,0.018,,0.126,0.0,0.259,,,0.355,0.503,0.802,0.065,0.43,0.245,0.457,0.15,0.283,0.478,0.42,0.472,GFFALIPKIISSPIMKTLLSAVGSALSSISKQK,0.39433333333333337,0.067,0.5533333333333333,0.506,0.09800000000000002,0.39266666666666666,0.9026666666666667,0.014666666666666663,0.12833333333333333,0.9075,0.041499999999999995,0.053
sequence_34985,0.775,0.864,0.381,0.775,0.899,0.81,0.801,0.972,0.889,,,0.37,0.509,0.165,0.116,0.01,0.129,0.092,0.004,-0.031,0.108,0.0,-0.07,,,0.266,0.0,0.052,0.102,0.127,0.696,0.139,0.097,0.217,0.086,0.028,0.231,,,0.364,0.491,0.819,0.275,0.692,0.186,0.252,0.108,0.373,0.473,0.2,0.441,NKIRWINKYVKKLQLKRLLVKS,0.34800000000000003,0.106,0.5579999999999999,0.6733333333333333,0.085,0.3083333333333333,0.8873333333333333,0.012666666666666665,0.11499999999999999,0.828,0.021666666666666667,0.151
sequence_35536,0.533,0.484,0.623,0.666,0.531,0.663,0.442,0.99,0.83,,,0.4,0.474,0.776,0.184,0.057,0.122,0.12,0.087,0.056,0.227,0.011,0.04,,,0.276,0.066,0.044,0.288,0.459,0.396,0.221,0.383,0.32,0.339,0.0,0.282,,,0.337,0.461,0.33,0.094,0.726,0.166,0.456,0.274,0.4285,0.45,0.0,0.4054999999999999,GWLKKIGKKIERLGQHTRDATIQTIGIAQQAANVAATAR,0.5499999999999999,0.12866666666666668,0.37600000000000006,0.5466666666666666,0.121,0.381,0.754,0.09266666666666667,0.207,0.62,0.08766666666666667,0.308
sequence_3557,0.394,0.347,0.329,0.737,0.959,0.985,0.847,0.878,0.882,,,0.085,0.16,0.153,0.203,0.242,0.163,0.116,0.013,-0.045,0.083,0.006,-0.042,,,0.298,0.181,0.121,0.404,0.41,0.494,0.138,0.027,0.106,0.081,0.115,0.187,,,0.606,0.659,0.752,0.099,0.318,0.1915,0.366,0.122,0.2375,0.535,0.56,0.571,GFWSILKSLLKKL,0.13266666666666668,0.19999999999999998,0.6723333333333334,0.3566666666666667,0.20266666666666666,0.436,0.8690000000000001,0.01566666666666667,0.12766666666666668,0.8936666666666667,0.028,0.09033333333333333
sequence_3560,0.245,0.195,0.263,0.822,0.98,0.947,0.828,0.965,0.825,,,0.418,0.367,,0.208,0.078,0.093,0.064,0.02,-0.12,0.075,0.016,-0.019,,,0.231,0.245,,0.546,0.727,0.655,0.107,0.0,0.256,0.076,0.018,0.216,,,0.354,0.386,,0.063,0.837,0.4425,0.4,0.0,0.293,0.537,0.163,0.2645,KLISIIKKILKKI,0.39249999999999996,0.238,0.37,0.23433333333333337,0.12633333333333333,0.6426666666666667,0.8726666666666666,0.023999999999999997,0.10333333333333333,0.9163333333333333,-0.011999999999999997,0.121
sequence_3570,0.072,0.196,0.125,0.846,0.968,,0.777,0.835,0.432,,,0.145,0.21,0.126,0.335,0.096,0.174,0.059,0.01,,0.1,0.008,0.021,,,0.321,0.017,-0.031,0.593,0.708,0.686,0.089,0.022,,0.119,0.156,0.569,,,0.542,0.772,0.93,0.006,0.336,0.249,0.48,0.169,0.2905,0.514,0.495,0.4605,FVKRLLKALRRLLR,0.16033333333333333,0.10233333333333335,0.7480000000000001,0.131,0.20166666666666666,0.6623333333333333,0.6813333333333333,0.043000000000000003,0.2813333333333333,0.907,0.034499999999999996,0.055499999999999994
sequence_3583,0.735,0.592,0.49,0.795,0.983,,0.793,0.985,0.965,,,0.367,0.593,0.176,0.077,0.036,0.054,0.091,0.017,,0.085,0.007,-0.1,,,0.265,0.0,-0.008,0.177,0.372,0.451,0.102,0.0,,0.121,0.009,0.326,,,0.369,0.407,0.872,0.202,1.0,0.3835,0.283,0.0,0.2945,0.515,0.0,0.322,GLIKKILQKLFKKLKKL,0.37866666666666665,0.08566666666666667,0.5493333333333333,0.6056666666666667,0.05566666666666666,0.3333333333333333,0.9143333333333333,-0.0026666666666666644,0.152,0.889,0.054,0.051
sequence_3584,0.583,0.455,0.487,0.813,0.981,1.004,0.813,0.977,0.812,,,0.364,0.457,0.18,0.122,0.027,-0.011,0.089,0.019,-0.122,0.097,0.009,-0.015,,,0.252,0.0,-0.022,0.288,0.518,0.542,0.095,0.0,0.196,0.098,0.014,0.219,,,0.388,0.544,0.878,0.126,0.813,0.4075,0.366,0.105,0.277,0.508,0.082,0.3155,KWKKLLRKLLRKLLSVL,0.3336666666666666,0.07666666666666667,0.6033333333333334,0.5083333333333333,0.04599999999999999,0.44933333333333336,0.8673333333333334,0.030333333333333334,0.11033333333333334,0.9326666666666666,-0.004666666666666666,0.09700000000000002
sequence_3592,0.035,0.054,0.092,0.518,0.551,0.141,0.183,0.113,,,,0.079,0.061,0.189,0.343,0.36,0.315,0.241,0.196,0.23,0.277,0.055,,,,0.351,0.108,0.098,0.622,0.586,0.602,0.235,0.253,0.622,0.54,0.833,,,,0.568,0.829,0.71,0.0,0.048,0.0365,0.512,0.49,0.4489999999999999,0.488,0.462,0.5145,ILRKWPWWPWRRK,0.10966666666666668,0.18566666666666665,0.7023333333333333,0.06033333333333333,0.3393333333333333,0.6033333333333334,0.148,0.166,0.6865,0.4033333333333333,0.22233333333333336,0.36999999999999994
sequence_367,0.842,0.92,0.544,0.822,0.993,1.048,0.871,0.997,0.899,,,0.415,0.518,0.232,0.056,0.003,-0.046,0.076,0.007,-0.128,0.069,0.003,-0.11,,,0.225,0.0,-0.024,0.093,0.076,0.579,0.09,0.0,0.164,0.063,0.0,0.293,,,0.36,0.482,0.851,0.34,0.975,0.451,0.208,0.001,0.2875,0.452,0.024,0.2615,GLLAKLLKKLLKKLLKK,0.38833333333333336,0.067,0.5643333333333334,0.7686666666666667,0.004333333333333335,0.24933333333333332,0.9223333333333333,-0.012666666666666665,0.11866666666666666,0.9543333333333334,-0.015,0.08466666666666667
sequence_36746,0.64,0.997,0.82,,0.996,0.807,0.583,0.997,0.823,,,0.513,0.72,0.124,0.163,0.0,0.0,,0.004,0.004,0.159,0.001,0.004,,,0.144,0.0,0.311,0.202,0.003,0.228,,0.0,0.207,0.258,0.002,0.216,,,0.335,0.28,0.584,0.858,1.0,0.4669999999999999,0.142,0.0,0.2465,0.0,0.0,0.2865,GWLSKSIKKLENTAKKRIIEGIAIAIRGGSR,0.4523333333333334,0.15166666666666664,0.3996666666666666,0.819,0.05433333333333334,0.14433333333333334,0.801,0.05466666666666667,0.15866666666666665,0.9015,0.004,0.1035
sequence_36777,0.851,1.0,0.809,0.729,0.973,0.919,0.59,0.997,0.881,,,0.498,0.736,0.33,0.063,0.0,-0.042,0.131,0.027,-0.006,0.148,0.003,0.005,,,0.183,0.0,-0.021,0.077,0.0,0.244,0.138,0.0,0.264,0.27,0.0,0.275,,,0.321,0.265,0.734,0.314,0.967,0.525,0.279,0.033,0.19,0.407,0.0,0.285,SWLSKTAKKLENSAKKRISEGIAILIKGGPR,0.5213333333333333,0.054,0.44,0.8866666666666667,0.006999999999999999,0.107,0.8226666666666667,0.052,0.18166666666666667,0.8736666666666667,0.050666666666666665,0.134
sequence_37118,0.785,0.978,0.81,0.707,0.977,0.836,0.733,0.976,0.814,,,0.48,0.645,0.259,0.09,0.0,-0.008,0.091,0.021,-0.009,0.12,0.015,0.001,,,0.149,0.0,-0.007,0.115,0.021,0.194,0.199,0.002,0.202,0.156,0.01,0.205,,,0.366,0.355,0.784,0.83,0.958,0.5205,0.146,0.042,0.227,0.024,0.0,0.2525,AVKLFKRIVERIKRWLRVLAKSLK,0.4613333333333333,0.04733333333333333,0.5016666666666666,0.8576666666666667,0.02733333333333333,0.11,0.8410000000000001,0.04533333333333334,0.12366666666666666,0.84,0.034333333333333334,0.13433333333333333
sequence_37806,0.742,0.747,0.373,0.665,0.993,,0.759,0.986,0.822,,,0.389,0.734,0.176,0.119,0.0,0.096,0.137,0.008,,0.11,0.002,-0.012,,,0.265,0.266,0.052,0.143,0.253,0.664,0.198,0.0,,0.128,0.011,0.207,,,0.349,0.0,0.806,0.285,1.0,0.4695,0.265,0.0,0.3805,0.45,0.0,0.15,LSLKRLLRKLLKKLKKL,0.433,0.19433333333333336,0.385,0.6206666666666666,0.07166666666666667,0.35333333333333333,0.8556666666666667,0.03333333333333333,0.11533333333333333,0.829,0.07250000000000001,0.099
sequence_37857,0.15,0.064,0.169,0.441,0.241,0.601,0.798,0.823,0.663,,,0.057,0.171,0.12,0.307,0.31,0.317,0.266,0.342,0.131,0.089,0.029,-0.023,,,0.359,0.039,0.095,0.542,0.626,0.533,0.292,0.416,0.294,0.105,0.15,0.413,,,0.592,0.79,0.764,0.018,0.274,0.0575,0.456,0.184,0.565,0.526,0.542,0.3775,WKNIKSLRLKLSFKL,0.11599999999999999,0.16433333333333333,0.7153333333333333,0.12766666666666668,0.3113333333333333,0.5670000000000001,0.7613333333333333,0.03166666666666667,0.22266666666666665,0.42766666666666664,0.24633333333333338,0.334
sequence_38090,0.401,0.408,0.357,0.842,0.977,1.041,0.82,0.98,0.937,,,0.174,0.227,0.169,0.085,0.039,0.075,0.08,0.024,-0.073,0.079,0.019,-0.1,,,0.287,0.054,-0.018,0.515,0.553,0.557,0.068,0.0,0.201,0.1,0.001,0.364,,,0.544,0.719,0.88,0.053,0.511,0.363,0.44,0.115,0.276,0.507,0.374,0.361,GKLKNFIKKIIRKLIEKFSK,0.19000000000000003,0.10766666666666665,0.7143333333333333,0.38866666666666666,0.06633333333333334,0.5416666666666666,0.9123333333333333,-0.0006666666666666673,0.155,0.9533333333333333,0.010333333333333338,0.08966666666666667
sequence_38260,0.889,0.842,0.556,0.788,0.986,0.956,0.781,0.985,0.936,,,0.393,0.505,0.187,0.028,0.002,-0.032,0.115,0.014,-0.038,0.104,0.014,-0.056,,,0.247,0.0,-0.027,0.075,0.156,0.518,0.098,0.0,0.242,0.115,0.0,0.262,,,0.363,0.496,0.897,0.177,0.76,0.371,0.395,0.057,0.2535,0.428,0.183,0.3755,GWLSKTAKKLENSAKKRIIEGIAIAIKGGPR,0.36166666666666664,0.07333333333333333,0.5853333333333334,0.7623333333333333,-0.0006666666666666673,0.24966666666666668,0.9006666666666666,0.020666666666666663,0.12566666666666668,0.91,0.030333333333333334,0.11333333333333333
sequence_38564,0.82,0.984,0.836,0.682,0.981,0.835,0.656,0.982,0.828,,,0.46,0.734,0.292,0.08,0.013,-0.041,0.126,0.012,-0.005,0.115,0.019,0.002,,,0.208,0.0,-0.005,0.107,0.003,0.166,0.195,0.006,0.206,0.232,0.0,0.215,,,0.328,0.267,0.749,0.751,0.942,0.5085,0.068,0.058,0.2385,0.181,0.0,0.253,IVKAFKRIVEKFKRWLRSLLKSAR,0.49533333333333335,0.06766666666666667,0.44799999999999995,0.8799999999999999,0.017333333333333333,0.09200000000000001,0.822,0.04533333333333334,0.149,0.8326666666666668,0.044333333333333336,0.13566666666666669
sequence_39399,0.243,0.218,0.241,0.728,0.929,1.029,0.749,0.915,0.814,,,0.395,0.416,0.183,0.229,0.081,0.146,0.116,0.003,-0.048,0.105,0.0,-0.054,,,0.236,0.322,-0.013,0.534,0.701,0.622,0.148,0.068,0.065,0.139,0.085,0.296,,,0.367,0.262,0.855,0.064,0.456,0.271,0.379,0.071,0.27,0.557,0.473,0.459,ALWKFIKKLIKKL,0.3313333333333333,0.18166666666666667,0.49466666666666664,0.23399999999999999,0.152,0.6189999999999999,0.8260000000000001,0.016999999999999998,0.17333333333333334,0.8953333333333333,0.02366666666666667,0.09366666666666668
sequence_395,0.069,0.109,0.104,0.817,0.978,1.016,0.814,0.883,0.644,,,0.056,0.183,0.103,0.351,0.347,0.285,0.06,0.004,-0.071,0.075,0.002,-0.047,,,0.306,0.052,0.12,0.579,0.545,0.597,0.111,0.019,0.137,0.103,0.114,0.397,,,0.629,0.765,0.767,0.0,0.252,0.098,0.514,0.323,0.4115,0.486,0.425,0.4905,AWRTLLRTVSGVGKKLNKIITKAF,0.11399999999999999,0.15933333333333333,0.7203333333333334,0.09399999999999999,0.3276666666666666,0.5736666666666667,0.7803333333333334,0.01,0.20466666666666666,0.9369999999999999,-0.002333333333333331,0.08900000000000001
sequence_3971,0.026,0.073,0.072,0.515,0.407,0.803,0.79,0.635,0.745,,,0.055,0.068,0.074,0.369,0.358,0.307,0.267,0.072,0.006,0.078,0.044,-0.047,,,0.293,0.486,0.176,0.596,0.569,0.616,0.223,0.521,0.231,0.127,0.321,0.361,,,0.651,0.444,0.735,0.0,0.235,0.3325,0.483,0.241,0.419,0.517,0.524,0.2485,WKRFKALKLTLSWKL,0.06566666666666666,0.3183333333333333,0.61,0.056999999999999995,0.3446666666666667,0.5936666666666667,0.7233333333333333,0.024999999999999998,0.26966666666666667,0.5750000000000001,0.115,0.325
sequence_39777,0.041,0.062,0.079,0.725,0.926,0.961,0.238,0.202,0.245,,,0.04,0.212,0.114,0.3,0.262,0.214,0.135,0.007,-0.044,0.175,0.249,0.136,,,0.396,0.044,-0.001,0.662,0.676,0.695,0.135,0.067,0.122,0.589,0.549,0.632,,,0.555,0.743,0.928,0.0,0.037,0.1619999999999999,0.477,0.395,0.2855,0.523,0.568,0.5525,ALSKLWKGLAKIL,0.122,0.14633333333333334,0.742,0.06066666666666667,0.25866666666666666,0.6776666666666666,0.22833333333333336,0.18666666666666668,0.59,0.8706666666666667,0.03266666666666667,0.108
sequence_39865,0.753,0.549,0.33,0.716,0.986,,0.651,0.98,0.847,,,0.45,0.431,0.242,0.096,0.015,-0.003,0.12,0.014,,0.159,0.016,0.035,,,0.208,0.27,0.005,0.148,0.437,0.686,0.155,0.0,,0.188,0.004,0.302,,,0.342,0.299,0.795,0.1,0.343,0.2785,0.432,0.26,0.2755,0.468,0.397,0.446,GFFALIPKIISTPLFKTLLSAVGSALSIISGSK,0.37433333333333335,0.161,0.47866666666666663,0.544,0.036,0.42366666666666664,0.826,0.06999999999999999,0.16466666666666666,0.851,0.067,0.0775
sequence_39936,0.195,0.177,0.211,0.517,0.213,0.765,0.814,0.881,0.723,,,0.219,0.23,0.165,0.204,0.225,0.179,0.208,0.28,0.001,0.089,0.007,-0.041,,,0.292,0.147,-0.019,0.6,0.599,0.632,0.284,0.507,0.349,0.093,0.111,0.355,,,0.485,0.624,0.894,0.036,0.379,0.1825,0.437,0.126,0.394,0.527,0.495,0.4235,WKRIKSLRLILSFKL,0.20466666666666666,0.13999999999999999,0.6676666666666667,0.19433333333333333,0.20266666666666666,0.6103333333333333,0.8059999999999999,0.018333333333333333,0.18633333333333332,0.49833333333333335,0.163,0.37999999999999995
sequence_40386,0.848,0.997,0.807,0.68,0.987,0.925,0.636,0.973,0.904,,,0.421,0.813,0.211,0.078,0.001,-0.012,0.118,0.013,-0.018,0.158,0.027,-0.017,,,0.219,0.1,-0.005,0.071,0.002,0.195,0.207,0.0,0.257,0.205,0.0,0.249,,,0.357,0.087,0.828,0.375,1.0,0.513,0.232,0.0,0.2315,0.393,0.0,0.2555,SWLSKTAKKLENSAKKRISEGILIAIKGGPR,0.4816666666666667,0.10466666666666667,0.42399999999999993,0.884,0.022333333333333334,0.08933333333333333,0.8376666666666667,0.055999999999999994,0.15133333333333332,0.864,0.03766666666666667,0.15466666666666665
sequence_40588,0.175,0.177,0.128,0.784,0.949,0.991,0.796,0.897,0.943,,,0.021,0.167,0.028,0.356,0.315,0.284,0.08,0.0,-0.052,0.071,0.001,-0.06,,,0.405,0.034,0.026,0.47,0.508,0.581,0.126,0.051,0.102,0.112,0.102,0.164,,,0.553,0.799,0.945,0.0,0.218,0.346,0.481,0.291,0.279,0.519,0.491,0.375,GKLWKFLKKLAKKFFKKFIK,0.072,0.15500000000000003,0.7656666666666667,0.16,0.31833333333333336,0.5196666666666666,0.8786666666666667,0.003999999999999999,0.126,0.908,0.009333333333333334,0.09299999999999999
sequence_4069,0.492,0.431,0.413,0.737,0.973,,0.786,0.953,0.842,,,0.486,0.644,0.349,0.135,0.025,0.045,0.146,0.006,,0.096,0.014,-0.021,,,0.175,0.0,-0.024,0.369,0.544,0.548,0.113,0.021,,0.112,0.033,0.204,,,0.336,0.356,0.724,0.183,0.74,0.269,0.321,0.0,0.196,0.496,0.26,0.535,KLAKLLKRLLRLL,0.49299999999999994,0.050333333333333334,0.472,0.44533333333333336,0.06833333333333334,0.48700000000000004,0.8603333333333333,0.029666666666666664,0.11633333333333333,0.855,0.076,0.067
sequence_41046,0.812,0.678,0.732,0.783,0.98,0.934,0.786,0.988,0.964,,,0.425,0.488,0.256,0.049,0.009,-0.027,0.128,0.019,0.017,0.109,0.012,-0.097,,,0.21,0.0,-0.011,0.128,0.313,0.323,0.103,0.0,0.289,0.093,0.0,0.211,,,0.366,0.512,0.804,0.184,0.68,0.404,0.365,0.0,0.238,0.451,0.32,0.358,LLPIVGNLVKKLLGWKRKRFG,0.38966666666666666,0.06633333333333333,0.5606666666666666,0.7406666666666668,0.010333333333333335,0.25466666666666665,0.9126666666666666,0.007999999999999998,0.10133333333333333,0.899,0.05466666666666666,0.13066666666666665
sequence_41304,0.214,0.236,0.116,0.728,0.979,0.972,0.721,0.937,0.97,,,0.195,0.349,0.084,0.296,0.068,0.11,0.116,0.014,-0.057,0.128,0.006,-0.115,,,0.354,0.288,-0.009,0.481,0.696,0.756,0.156,0.007,0.123,0.14,0.058,0.275,,,0.448,0.364,0.972,0.001,0.696,0.495,0.468,0.033,0.2645,0.531,0.271,0.2405,GKLKKFIKKFLRKFINKFAK,0.20933333333333334,0.21099999999999997,0.5946666666666667,0.18866666666666665,0.158,0.6443333333333333,0.876,0.006333333333333334,0.15766666666666668,0.8929999999999999,0.024333333333333335,0.09533333333333334
sequence_41349,0.574,0.439,0.367,0.581,0.984,0.879,0.733,0.996,0.931,,,0.614,0.603,0.438,0.137,0.023,0.162,0.155,0.0,-0.009,0.113,0.0,-0.072,,,0.113,0.223,0.136,0.292,0.539,0.451,0.263,0.016,0.284,0.164,0.005,0.278,,,0.271,0.174,0.412,0.061,0.374,0.538,0.469,0.21,0.228,0.47,0.416,0.234,GFFALIPKIISNPIFKNLLSAVGSALISIGSSK,0.5516666666666666,0.15733333333333335,0.2856666666666667,0.45999999999999996,0.10733333333333334,0.42733333333333334,0.8866666666666667,0.013666666666666669,0.14900000000000002,0.8146666666666667,0.048666666666666664,0.18766666666666665
sequence_4256,0.6,0.469,0.469,0.788,0.984,0.933,0.844,0.988,0.809,,,0.214,0.42,0.157,0.121,0.011,-0.024,0.115,0.015,-0.045,0.079,0.01,-0.008,,,0.303,0.009,-0.003,0.268,0.52,0.585,0.085,0.0,0.148,0.081,0.003,0.202,,,0.478,0.571,0.87,0.14,0.901,0.4875,0.28,0.049,0.314,0.58,0.05,0.1985,KWKKLLKKLLRLLKRAL,0.26366666666666666,0.103,0.6396666666666667,0.5126666666666666,0.036000000000000004,0.45766666666666667,0.8803333333333333,0.026999999999999996,0.09533333333333334,0.9016666666666667,0.028333333333333335,0.07766666666666666
sequence_4274,0.065,0.151,0.039,0.719,0.965,0.961,0.797,0.837,0.938,,,0.039,0.167,-0.014,0.378,0.44,0.294,0.13,0.002,-0.049,0.083,0.01,-0.047,,,0.384,0.039,0.148,0.543,0.409,0.534,0.147,0.033,0.096,0.114,0.152,0.143,,,0.569,0.794,0.85,0.0,0.169,0.2815,0.489,0.3,0.288,0.511,0.531,0.4305,GKLWKFFKKFAKKFLKKFIK,0.064,0.19033333333333333,0.7376666666666667,0.085,0.3706666666666667,0.49533333333333335,0.8573333333333334,0.015333333333333332,0.13633333333333333,0.8816666666666667,0.02766666666666667,0.09200000000000001
sequence_4302,0.396,0.453,0.247,0.786,0.979,,0.787,0.897,0.835,,,0.24,0.444,0.156,0.229,0.0,-0.018,0.083,0.014,,0.065,0.018,-0.026,,,0.296,0.026,-0.015,0.373,0.548,0.808,0.13,0.008,,0.14,0.085,0.227,,,0.466,0.53,0.902,0.042,0.535,0.2485,0.46,0.093,0.2625,0.498,0.372,0.489,KLAKLLKKLAKLLK,0.27999999999999997,0.10233333333333333,0.6326666666666667,0.36533333333333334,0.07033333333333334,0.5763333333333334,0.8396666666666667,0.019000000000000003,0.1506666666666667,0.8825000000000001,0.0485,0.069
sequence_432,0.598,0.472,0.415,0.763,0.995,0.915,0.661,0.971,0.884,,,0.387,0.777,0.151,0.12,0.0,-0.009,0.094,0.005,0.0,0.131,0.029,-0.001,,,0.243,0.222,0.161,0.274,0.528,0.631,0.133,0.0,0.257,0.205,0.0,0.25,,,0.372,0.0,0.714,0.097,0.955,0.5,0.371,0.045,0.2805,0.532,0.0,0.2195,KWKSFLKTFKTAVRTVLHTALKAISS,0.4383333333333334,0.20866666666666667,0.36199999999999993,0.49499999999999994,0.037,0.4776666666666667,0.8386666666666667,0.053,0.15166666666666664,0.891,0.033,0.13
sequence_43498,0.592,0.502,0.327,0.575,0.98,0.86,0.506,1.0,0.848,,,0.535,0.367,0.377,0.151,0.053,0.152,0.213,0.02,0.039,0.195,0.0,0.024,,,0.167,0.031,0.154,0.251,0.444,0.671,0.217,0.0,0.337,0.306,0.0,0.265,,,0.301,0.602,0.615,0.079,0.876,0.3075,0.47,0.124,0.2764999999999999,0.451,0.0,0.416,GWLKKIGKKIERVGQHTRDATIQTIGIAQQALNVAATAR,0.4263333333333333,0.11733333333333333,0.506,0.4736666666666666,0.11866666666666666,0.45533333333333337,0.7846666666666667,0.073,0.19033333333333333,0.805,0.09066666666666666,0.18466666666666667
sequence_4406,0.046,0.073,0.091,0.808,0.973,,0.73,0.616,0.35,,,0.072,0.194,0.139,0.291,0.192,0.197,0.114,0.008,,0.097,0.005,0.104,,,0.306,0.05,-0.011,0.656,0.735,0.713,0.075,0.018,,0.172,0.379,0.551,,,0.608,0.756,0.901,0.0,0.247,0.247,0.501,0.291,0.291,0.499,0.462,0.4619999999999999,GLFKVVKKAARVIRKL,0.135,0.11499999999999999,0.7549999999999999,0.06999999999999999,0.22666666666666666,0.7013333333333334,0.5653333333333334,0.06866666666666667,0.3673333333333333,0.8905000000000001,0.061,0.0465
sequence_44567,0.828,0.906,0.6,0.753,0.974,1.033,0.766,0.998,0.815,,,0.455,0.643,0.278,0.073,0.0,-0.048,0.119,0.018,-0.088,0.087,0.003,-0.006,,,0.156,0.144,-0.031,0.095,0.094,0.457,0.129,0.008,0.195,0.14,0.0,0.2,,,0.388,0.214,0.777,0.302,0.943,0.525,0.282,0.057,0.214,0.416,0.0,0.261,ILKAFKRIVEKIKRFLRVLLRSAK,0.4586666666666667,0.08966666666666667,0.45966666666666667,0.778,0.008333333333333331,0.21533333333333335,0.8596666666666666,0.027999999999999997,0.11333333333333334,0.9199999999999999,0.016333333333333328,0.11066666666666668
sequence_449747_inspired_LARVARRVIRFIRRAW,,,,,,0.305,,,0.347,,,,,-0.006,,,,,,0.257,,,0.228,,,,,0.479,,,,,,0.426,,,0.426,,,,,0.534,0.0,0.076,0.0455,0.523,0.393,0.473,0.477,0.531,0.4815,WRKFWRWFRRWIQWRW,-0.006,0.479,0.534,,,,0.347,0.228,0.426,0.305,0.257,0.426
sequence_45213,0.049,0.078,0.116,0.794,0.964,0.832,0.83,0.885,0.554,,,0.084,0.196,0.191,0.316,0.26,0.26,0.095,0.026,-0.066,0.058,0.012,-0.022,,,0.34,0.199,0.009,0.627,0.662,0.624,0.118,0.009,0.303,0.109,0.102,0.531,,,0.572,0.604,0.807,0.007,0.305,0.267,0.485,0.165,0.228,0.508,0.53,0.505,WKRIKALRLILSWKL,0.157,0.18266666666666667,0.661,0.081,0.2786666666666667,0.6376666666666667,0.7563333333333334,0.016000000000000004,0.24733333333333332,0.8633333333333333,0.01833333333333333,0.14333333333333334
sequence_45614,0.665,0.557,0.543,0.685,0.829,0.806,0.675,0.99,0.889,,,0.431,0.438,0.217,0.088,0.025,0.025,0.116,0.014,-0.01,0.127,0.009,0.002,,,0.222,0.0,-0.034,0.24,0.417,0.476,0.202,0.157,0.183,0.204,0.0,0.29,,,0.34,0.562,0.872,0.167,0.944,0.1995,0.398,0.056,0.294,0.435,0.0,0.5065,NKIKFINRYVKKLTLRRFLVRS,0.36200000000000004,0.06266666666666666,0.5913333333333334,0.5883333333333334,0.04599999999999999,0.37766666666666665,0.8513333333333334,0.046000000000000006,0.16466666666666666,0.7733333333333334,0.04,0.18066666666666667
sequence_46597,0.031,0.05,0.054,0.846,0.961,,0.59,0.554,0.454,,,0.01,0.162,-0.019,0.406,0.29,0.225,0.071,0.002,,0.145,0.032,0.028,,,0.35,0.062,0.055,0.557,0.659,0.682,0.077,0.037,,0.268,0.414,0.47,,,0.618,0.776,0.946,0.0,0.157,0.1715,0.507,0.34,0.388,0.493,0.503,0.4405,RFLRRLGKGLRKYLKL,0.05100000000000001,0.15566666666666665,0.7799999999999999,0.045000000000000005,0.307,0.6326666666666667,0.5326666666666667,0.06833333333333333,0.38399999999999995,0.9035,0.0365,0.056999999999999995
sequence_46999,0.598,0.461,0.486,0.789,0.987,0.999,0.79,0.997,0.903,,,0.395,0.248,0.2,0.116,0.017,-0.013,0.112,0.014,-0.1,0.111,0.003,-0.039,,,0.259,0.129,-0.022,0.278,0.522,0.553,0.1,0.0,0.284,0.096,0.0,0.285,,,0.343,0.622,0.863,0.019,0.451,0.1655,0.501,0.204,0.3685,0.48,0.345,0.4659999999999999,GWLKKIGKKIERVGQTTRDATIQGLGVAQQAANVAATLR,0.28099999999999997,0.122,0.6093333333333334,0.515,0.04,0.45100000000000007,0.8966666666666666,0.025000000000000005,0.127,0.9249999999999999,0.008666666666666665,0.128
sequence_47111,0.803,0.761,0.252,0.753,0.978,0.951,0.81,0.972,0.941,,,0.412,0.249,0.312,0.058,0.001,0.061,0.105,0.022,0.023,0.087,0.018,-0.091,,,0.225,0.167,-0.018,0.136,0.238,0.711,0.14,0.0,0.302,0.105,0.01,0.213,,,0.362,0.586,0.749,0.211,0.91,0.457,0.342,0.014,0.2295,0.447,0.076,0.3135,LLPILGNVLKSLLGWKRKRFG,0.32433333333333336,0.12466666666666666,0.5656666666666667,0.6053333333333334,0.04,0.36166666666666664,0.9076666666666666,0.004666666666666666,0.10933333333333332,0.894,0.049999999999999996,0.14733333333333334
sequence_4766,0.855,0.93,0.714,0.689,0.986,0.874,0.765,0.982,0.814,,,0.416,0.61,0.211,0.053,0.01,-0.059,0.15,0.009,-0.01,0.127,0.009,-0.007,,,0.226,0.0,-0.029,0.08,0.06,0.407,0.163,0.004,0.176,0.108,0.01,0.211,,,0.358,0.39,0.88,0.363,1.0,0.387,0.188,0.0,0.3715,0.449,0.0,0.2415,GLRRLLRRLLRVIRRWGR,0.4123333333333334,0.06566666666666666,0.5426666666666667,0.8330000000000001,0.0013333333333333346,0.18233333333333332,0.8536666666666667,0.043000000000000003,0.10966666666666665,0.8496666666666667,0.049666666666666665,0.11433333333333333
sequence_4819,0.801,0.983,0.896,0.687,0.983,0.902,0.684,0.995,0.906,,,0.448,0.558,0.235,0.08,0.016,-0.073,0.116,0.017,0.006,0.145,0.006,-0.009,,,0.202,0.0,-0.012,0.115,0.0,0.317,0.209,0.0,0.28,0.169,0.0,0.261,,,0.348,0.443,0.822,0.353,1.0,0.514,0.257,0.0,0.225,0.39,0.0,0.261,SWLSKTLKKLENSAKKRISEGIAIAIKGGPR,0.4136666666666667,0.06333333333333334,0.5376666666666666,0.8933333333333334,0.007666666666666669,0.144,0.8616666666666667,0.04733333333333333,0.14333333333333334,0.8573333333333334,0.04633333333333334,0.163
sequence_48964,0.871,0.988,0.875,0.72,0.986,1.045,0.691,0.976,0.818,,,0.52,0.62,0.122,0.044,0.012,-0.112,0.141,0.015,-0.04,0.12,0.023,-0.002,,,0.152,0.068,0.344,0.075,0.001,0.29,0.129,0.0,0.131,0.188,0.0,0.207,,,0.317,0.311,0.577,0.344,0.953,0.551,0.244,0.047,0.2205,0.412,0.0,0.2285,LVKAWKRIVEKIKRWLRALVRIAR,0.4206666666666667,0.18799999999999997,0.40166666666666667,0.9113333333333333,-0.018666666666666668,0.122,0.8283333333333333,0.04699999999999999,0.13166666666666668,0.9169999999999999,0.038666666666666655,0.08666666666666667
sequence_4926,0.057,0.074,0.141,0.692,0.747,0.725,0.666,0.383,0.285,,,0.243,0.191,0.212,0.312,0.214,0.138,0.137,0.013,-0.022,0.12,0.0,0.195,,,0.29,0.102,0.021,0.632,0.712,0.736,0.17,0.24,0.314,0.213,0.616,0.605,,,0.461,0.708,0.793,0.043,0.137,0.107,0.432,0.316,0.337,0.525,0.547,0.556,ALRKIWKKLVKKL,0.21533333333333335,0.13766666666666666,0.654,0.09066666666666667,0.22133333333333335,0.6933333333333334,0.4446666666666666,0.105,0.478,0.7213333333333334,0.04266666666666668,0.24133333333333332
sequence_496,0.055,0.085,0.116,0.168,0.464,,0.392,0.127,0.294,,,0.067,0.055,0.191,0.295,0.204,0.173,0.42,0.032,,0.255,0.062,0.158,,,0.341,0.045,0.024,0.643,0.712,0.712,0.422,0.504,,0.352,0.811,0.57,,,0.586,0.9,0.775,0.0,0.13,0.1629999999999999,0.549,0.405,0.5875,0.451,0.465,0.2495,RRWKIVWIRWWR,0.10433333333333333,0.1366666666666667,0.7536666666666667,0.08533333333333333,0.22399999999999998,0.6890000000000001,0.27099999999999996,0.15833333333333333,0.5776666666666667,0.316,0.22599999999999998,0.46299999999999997
sequence_49734,0.485,0.476,0.333,0.784,0.987,,0.823,0.986,0.935,,,0.402,0.231,0.249,0.154,0.025,-0.028,0.082,0.005,,0.077,0.014,-0.098,,,0.209,0.07,-0.009,0.362,0.499,0.701,0.139,0.009,,0.104,0.0,0.259,,,0.382,0.699,0.797,0.015,0.299,0.174,0.487,0.26,0.3565,0.498,0.441,0.4695,GFFAVIPKIISKPIFKNLLSAVGSALSSIGSKN,0.294,0.09000000000000001,0.626,0.43133333333333335,0.050333333333333334,0.5206666666666666,0.9146666666666666,-0.0023333333333333353,0.121,0.8855,0.043500000000000004,0.07400000000000001
sequence_49897,0.799,0.866,0.435,0.741,0.991,0.956,0.832,0.971,0.893,,,0.442,0.484,0.295,0.084,0.006,0.04,0.113,0.009,0.005,0.074,0.0,-0.076,,,0.229,0.467,-0.022,0.122,0.128,0.55,0.145,0.0,0.265,0.09,0.029,0.182,,,0.325,0.049,0.767,0.258,0.854,0.524,0.233,0.055,0.2065,0.509,0.091,0.2695,LLPIVSNLLKGLLGWKRKRFG,0.407,0.22466666666666668,0.38033333333333336,0.7000000000000001,0.043333333333333335,0.26666666666666666,0.8986666666666666,-0.0006666666666666673,0.10033333333333333,0.8959999999999999,0.042333333333333334,0.1366666666666667
sequence_512,0.865,0.834,0.431,0.759,0.987,0.944,0.833,0.982,0.971,,,0.411,0.237,0.308,0.044,0.011,-0.03,0.101,0.014,0.003,0.078,0.018,-0.117,,,0.242,0.201,-0.007,0.085,0.156,0.678,0.138,0.0,0.273,0.098,0.0,0.184,,,0.35,0.562,0.732,0.246,0.756,0.4325,0.302,0.012,0.2324999999999999,0.452,0.232,0.335,LLPIIGNLLKSLLGWKRKRFG,0.31866666666666665,0.14533333333333334,0.548,0.71,0.008333333333333331,0.30633333333333335,0.9286666666666666,-0.007000000000000002,0.09400000000000001,0.8966666666666666,0.03933333333333334,0.137
sequence_5225,0.593,0.43,0.387,0.769,0.988,0.989,0.73,1.0,0.881,,,0.397,0.398,0.189,0.129,0.01,0.11,0.109,0.006,-0.072,0.113,0.0,0.012,,,0.249,0.287,-0.025,0.274,0.559,0.557,0.121,0.006,0.151,0.163,0.0,0.291,,,0.356,0.314,0.884,0.072,0.339,0.2535,0.437,0.232,0.282,0.491,0.429,0.4645,GFFALIPKIISKPLFKSLLSAVGSALSSIGKKE,0.328,0.17033333333333334,0.5179999999999999,0.47,0.083,0.4633333333333334,0.8703333333333333,0.041666666666666664,0.15133333333333332,0.9153333333333333,0.014333333333333337,0.09266666666666667
sequence_5231,0.555,0.6,0.36,0.773,0.983,,0.754,0.994,0.814,,,0.4,0.451,0.16,0.171,0.0,0.078,0.107,0.017,,0.128,0.006,-0.006,,,0.235,0.0,-0.005,0.269,0.4,0.602,0.12,0.0,,0.12,0.0,0.198,,,0.367,0.549,0.89,0.084,0.911,0.4905,0.392,0.089,0.286,0.524,0.0,0.2235,GLNALKKVFHGLHKAIKLINKHVQ,0.33699999999999997,0.07666666666666666,0.602,0.505,0.083,0.42366666666666664,0.854,0.042666666666666665,0.106,0.878,0.062,0.06
sequence_5265,0.16,0.133,0.162,0.774,0.649,0.252,0.562,0.595,0.442,,,0.068,0.169,0.176,0.247,0.158,0.14,0.106,0.099,0.076,0.12,0.0,0.015,,,0.355,0.019,0.014,0.59,0.709,0.685,0.112,0.252,0.737,0.321,0.405,0.58,,,0.571,0.812,0.846,0.0,0.154,0.158,0.479,0.333,0.292,0.521,0.513,0.55,GWWRRTIAKVRK,0.1376666666666667,0.12933333333333333,0.743,0.1516666666666667,0.18166666666666667,0.6613333333333333,0.533,0.045000000000000005,0.43533333333333335,0.5583333333333333,0.09366666666666668,0.367
sequence_5316,0.558,0.51,0.423,0.684,0.997,0.931,0.754,0.998,0.81,,,0.406,0.581,0.214,0.201,0.025,0.009,0.126,0.003,0.008,0.124,0.001,-0.006,,,0.235,0.194,0.048,0.24,0.464,0.578,0.191,0.0,0.242,0.123,0.002,0.211,,,0.363,0.225,0.769,0.046,0.498,0.519,0.414,0.137,0.237,0.54,0.365,0.244,ALWKSFLKNVGKAAGKAALNAVTDMVNQ,0.4003333333333334,0.159,0.4523333333333333,0.49700000000000005,0.07833333333333334,0.42733333333333334,0.8540000000000001,0.03966666666666666,0.11199999999999999,0.8706666666666667,0.04566666666666667,0.14433333333333334
sequence_5319,0.383,0.23,0.264,0.79,1.0,1.035,0.805,0.994,0.808,,,0.403,0.689,0.151,0.265,0.099,-0.018,0.09,0.0,-0.104,0.126,0.006,-0.01,,,0.261,0.22,0.085,0.355,0.67,0.778,0.113,0.0,0.205,0.077,0.0,0.193,,,0.34,0.091,0.805,0.005,0.526,0.5,0.456,0.129,0.301,0.539,0.345,0.199,GLKALKKVSKGIHKAIKLINNHVH,0.4143333333333334,0.18866666666666665,0.4120000000000001,0.29233333333333333,0.11533333333333333,0.601,0.8690000000000001,0.04066666666666667,0.09000000000000001,0.9416666666666668,-0.004666666666666666,0.106
sequence_5371,0.827,0.989,1.025,0.826,0.974,0.958,0.77,0.988,0.891,,,0.512,0.644,0.272,0.098,0.011,-0.123,0.08,0.012,-0.009,0.096,0.013,-0.046,,,0.172,0.0,0.028,0.069,0.0,0.18,0.093,0.015,0.209,0.143,0.0,0.191,,,0.317,0.356,0.731,0.581,1.0,0.5265,0.074,0.0,0.207,0.345,0.0,0.2665,LTKAFKRIVERLKRWLRHLLKSLR,0.47600000000000003,0.06666666666666667,0.46799999999999997,0.947,-0.004666666666666666,0.083,0.883,0.021,0.11133333333333333,0.9193333333333333,0.02766666666666667,0.10566666666666667
sequence_547,0.189,0.191,0.175,0.7,0.95,,0.784,0.965,0.873,,,0.163,0.42,0.103,0.286,0.167,0.132,0.131,0.003,,0.101,0.006,-0.035,,,0.347,0.0,0.006,0.526,0.643,0.681,0.165,0.046,,0.106,0.028,0.193,,,0.485,0.58,0.899,0.027,0.572,0.307,0.422,0.011,0.3055,0.551,0.417,0.3875,KWKKLFKKLLKLLKK,0.22866666666666666,0.11766666666666666,0.6546666666666666,0.18499999999999997,0.19499999999999998,0.6166666666666667,0.874,0.024000000000000004,0.109,0.825,0.067,0.10550000000000001
sequence_5689,0.848,0.893,0.525,0.694,0.974,0.9,0.666,0.984,0.895,,,0.437,0.573,0.279,0.036,0.0,-0.026,0.13,0.026,-0.006,0.14,0.015,-0.01,,,0.224,0.0,-0.048,0.107,0.106,0.557,0.181,0.0,0.258,0.207,0.0,0.258,,,0.338,0.427,0.851,0.193,1.0,0.5125,0.378,0.0,0.227,0.429,0.0,0.2605,SWLSKTAKKLENSAKKRISEGIAIAIKGGPK,0.4296666666666667,0.058666666666666666,0.5386666666666667,0.7553333333333333,0.0033333333333333327,0.25666666666666665,0.8483333333333333,0.04833333333333334,0.155,0.856,0.049999999999999996,0.14633333333333334
sequence_5819,0.58,0.58,0.388,0.725,0.985,0.974,0.727,0.978,0.835,,,0.387,0.436,0.18,0.136,0.079,0.098,0.144,0.016,-0.045,0.126,0.022,-0.029,,,0.236,0.0,-0.017,0.279,0.34,0.551,0.135,0.0,0.116,0.145,0.0,0.232,,,0.371,0.563,0.884,0.139,0.893,0.4805,0.358,0.107,0.2855,0.503,0.0,0.234,GLLRRLYRKIGKKLKKIAR,0.3343333333333333,0.073,0.606,0.516,0.10433333333333335,0.38999999999999996,0.8466666666666667,0.03966666666666666,0.12566666666666668,0.8946666666666667,0.03833333333333332,0.08366666666666667
sequence_6027,0.566,0.446,0.291,0.494,0.975,0.805,0.555,0.99,0.839,,,0.527,0.456,0.351,0.178,0.045,0.147,0.176,0.013,0.05,0.167,0.01,0.04,,,0.165,0.109,0.114,0.271,0.509,0.718,0.332,0.012,0.296,0.286,0.0,0.288,,,0.315,0.435,0.548,0.096,0.376,0.2065,0.444,0.318,0.369,0.46,0.306,0.4245,GWLKKIGKKIERVGQHTRDATIQGIGVAQQAINVAATAK,0.4446666666666667,0.12933333333333333,0.4326666666666667,0.4343333333333333,0.12333333333333334,0.49933333333333335,0.7946666666666666,0.07233333333333335,0.19133333333333333,0.758,0.07966666666666666,0.21333333333333335
sequence_6134,0.401,0.371,0.33,0.814,0.934,0.694,0.819,0.974,0.809,,,0.408,0.475,0.197,0.138,0.096,0.103,0.102,0.001,-0.033,0.095,0.0,-0.009,,,0.272,0.344,0.107,0.466,0.532,0.589,0.085,0.065,0.438,0.079,0.027,0.193,,,0.322,0.181,0.736,0.052,0.655,0.186,0.467,0.135,0.349,0.481,0.21,0.4649999999999999,NKLKWITKYVKRVNLKKILVRS,0.36000000000000004,0.241,0.413,0.36733333333333335,0.11233333333333334,0.529,0.8673333333333333,0.02866666666666667,0.09966666666666667,0.8140000000000001,0.02333333333333333,0.19600000000000004
sequence_6160,0.767,0.734,0.223,0.716,0.981,0.913,0.75,0.984,0.93,,,0.429,0.555,0.209,0.096,0.043,0.129,0.125,0.019,0.01,0.128,0.016,-0.036,,,0.231,0.0,0.083,0.124,0.223,0.784,0.16,0.0,0.243,0.117,0.0,0.255,,,0.343,0.445,0.75,0.148,0.941,0.5085,0.37,0.047,0.2645,0.482,0.012,0.227,ALWKEILKNVGKAAGKAVLNAVTDMVNA,0.39766666666666667,0.10466666666666667,0.5126666666666667,0.5746666666666667,0.08933333333333333,0.377,0.888,0.036000000000000004,0.124,0.8700000000000001,0.051333333333333335,0.13433333333333333
sequence_617,0.57,0.464,0.323,0.79,0.973,0.959,0.728,0.993,0.905,,,0.407,0.417,0.12,0.126,0.018,0.208,0.096,0.007,-0.027,0.126,0.007,-0.03,,,0.224,0.131,-0.013,0.299,0.518,0.538,0.113,0.02,0.207,0.153,0.0,0.274,,,0.366,0.452,0.962,0.123,0.934,0.53,0.388,0.066,0.2265,0.489,0.0,0.2435,GLNALKKVFQGIHKAIKLINNQVQ,0.31466666666666665,0.11399999999999999,0.5933333333333334,0.4523333333333333,0.11733333333333333,0.45166666666666666,0.8753333333333334,0.034333333333333334,0.14233333333333334,0.9073333333333333,0.025333333333333336,0.11333333333333333
sequence_6240,0.797,0.7,0.636,0.724,0.981,,0.788,0.911,0.803,,,0.223,0.189,0.22,0.086,0.0,-0.053,0.109,0.0,,0.086,0.003,-0.036,,,0.326,0.056,-0.01,0.118,0.301,0.503,0.158,0.019,,0.126,0.087,0.202,,,0.447,0.755,0.833,0.275,0.594,0.3319999999999999,0.219,0.11,0.2655,0.506,0.296,0.4024999999999999,FRRIRKWLRRILKLL,0.21066666666666667,0.124,0.6783333333333333,0.711,0.010999999999999998,0.3073333333333333,0.8340000000000001,0.017666666666666667,0.13833333333333334,0.8525,0.0545,0.0885
sequence_6277,0.825,0.981,0.863,0.756,0.986,0.906,0.817,0.976,0.985,,,0.535,0.483,0.386,0.064,0.004,-0.09,0.097,0.014,0.006,0.086,0.015,-0.113,,,0.156,0.221,-0.03,0.109,0.014,0.409,0.146,0.0,0.26,0.092,0.009,0.177,,,0.31,0.296,0.682,0.441,0.955,0.5555,0.152,0.045,0.1655,0.407,0.0,0.279,LLPIVANLLKSLLGWKRKRFG,0.46799999999999997,0.11566666666666665,0.42933333333333334,0.8896666666666667,-0.007333333333333331,0.17733333333333334,0.926,-0.0040000000000000036,0.09266666666666666,0.8826666666666667,0.039,0.13533333333333333
sequence_654,0.871,0.821,0.488,0.769,0.989,0.978,0.798,0.985,0.964,,,0.398,0.462,0.27,0.05,0.004,-0.01,0.12,0.01,0.02,0.071,0.012,-0.112,,,0.24,0.0,-0.021,0.081,0.176,0.572,0.109,0.0,0.302,0.125,0.004,0.227,,,0.363,0.538,0.801,0.256,0.551,0.5105,0.312,0.107,0.2255,0.432,0.342,0.264,LLPIVGKLLNSLLGWKRKRFG,0.3766666666666667,0.073,0.5673333333333334,0.7266666666666666,0.014666666666666668,0.2763333333333333,0.9156666666666666,-0.00966666666666667,0.11866666666666666,0.9119999999999999,0.049999999999999996,0.13699999999999998
sequence_6649,0.411,0.309,0.276,0.817,0.983,1.036,0.831,0.973,0.936,,,0.045,0.153,0.017,0.162,0.127,0.206,0.096,0.016,-0.05,0.042,0.028,-0.006,,,0.435,0.015,0.056,0.423,0.564,0.547,0.086,0.0,0.076,0.097,0.0,0.222,,,0.52,0.831,0.911,0.01,0.381,0.226,0.466,0.262,0.382,0.524,0.357,0.392,FFGWLIKGLFHAGKMIHGLIHRRRH,0.07166666666666667,0.16866666666666666,0.754,0.332,0.165,0.5113333333333333,0.9133333333333332,0.021333333333333333,0.10633333333333334,0.9453333333333332,0.020666666666666667,0.05399999999999999
sequence_6668,0.058,0.074,0.048,0.733,0.841,0.892,0.478,0.375,,,,0.044,0.164,0.053,0.378,0.248,0.29,0.105,0.01,-0.047,0.141,0.023,,,,0.379,0.075,0.14,0.553,0.677,0.648,0.167,0.15,0.167,0.381,0.602,,,,0.573,0.76,0.799,0.002,0.125,0.2595,0.458,0.355,0.2845,0.54,0.52,0.456,KRLFKKILRFL,0.08700000000000001,0.19800000000000004,0.7106666666666667,0.06,0.3053333333333333,0.626,0.4265,0.08199999999999999,0.4915,0.822,0.022666666666666665,0.16133333333333333
sequence_6803,0.713,0.839,0.691,0.864,0.978,,0.801,0.98,0.808,,,0.369,0.666,0.178,0.08,0.005,-0.102,0.062,0.019,,0.072,0.012,-0.005,,,0.262,0.0,0.007,0.192,0.157,0.547,0.06,0.003,,0.118,0.008,0.207,,,0.371,0.334,0.842,0.202,0.958,0.5,0.227,0.042,0.3065,0.571,0.0,0.1935,KLFKKLLKLLKKLAKLLK,0.4043333333333334,0.08966666666666667,0.5156666666666667,0.7476666666666666,-0.005666666666666663,0.2986666666666667,0.8630000000000001,0.02633333333333333,0.11099999999999999,0.921,0.0405,0.0315
sequence_6904,0.72,0.512,0.447,0.673,0.979,0.834,0.742,0.932,0.796,,,0.37,0.406,0.164,0.101,0.021,0.13,0.153,0.021,-0.001,0.131,0.01,-0.002,,,0.266,0.0,0.006,0.18,0.466,0.408,0.171,0.0,0.204,0.118,0.058,0.224,,,0.369,0.594,0.87,0.225,0.802,0.5015,0.259,0.198,0.3285,0.516,0.0,0.17,GLKRLLKRLLRWLK,0.31333333333333335,0.09066666666666667,0.611,0.5596666666666666,0.084,0.35133333333333333,0.8233333333333333,0.04633333333333334,0.13333333333333333,0.8286666666666668,0.057666666666666665,0.125
sequence_6909,0.02,0.017,-0.007,0.606,0.714,0.681,0.45,0.412,0.249,,,-0.007,0.051,-0.045,0.509,0.454,0.048,0.178,0.212,0.077,0.208,0.329,0.244,,,0.488,0.268,0.036,0.458,0.529,0.934,0.216,0.074,0.228,0.339,0.26,0.489,,,0.492,0.681,0.99,0.022,0.143,0.176,0.456,0.339,0.364,0.522,0.518,0.46,VRRFKRFARKFFKWF,-0.00033333333333333365,0.264,0.7210000000000001,0.010000000000000002,0.337,0.6403333333333334,0.37033333333333335,0.26033333333333336,0.3626666666666667,0.6669999999999999,0.15566666666666668,0.17266666666666666
sequence_6922,0.037,0.076,0.078,0.792,0.947,0.956,0.736,0.644,0.493,,,0.03,0.075,0.091,0.333,0.149,0.182,0.093,0.004,-0.049,0.081,0.016,0.133,,,0.26,0.073,0.021,0.624,0.775,0.737,0.119,0.049,0.117,0.183,0.339,0.435,,,0.708,0.852,0.89,0.0,0.248,0.2435,0.493,0.273,0.3135,0.507,0.479,0.443,VRRLKKWIKKVIRHFGK,0.06533333333333334,0.11800000000000001,0.8166666666666668,0.06366666666666666,0.2213333333333333,0.7120000000000001,0.6243333333333333,0.07666666666666667,0.319,0.8983333333333333,0.016,0.09499999999999999
sequence_6935,0.164,0.145,0.213,0.576,0.43,0.747,0.818,0.89,0.649,,,0.034,0.09,0.102,0.243,0.205,0.216,0.187,0.133,0.031,0.08,0.02,-0.045,,,0.209,0.169,0.069,0.596,0.651,0.569,0.217,0.437,0.251,0.107,0.09,0.454,,,0.754,0.741,0.847,0.034,0.306,0.188,0.436,0.126,0.4705,0.53,0.568,0.3415,WKTIRALKLRLSWKL,0.07533333333333332,0.149,0.7806666666666667,0.17400000000000002,0.2213333333333333,0.6053333333333333,0.7856666666666667,0.018333333333333337,0.217,0.5843333333333334,0.11699999999999999,0.3016666666666667
sequence_7076,0.049,0.056,0.051,0.738,0.933,1.0,0.734,0.873,0.917,,,0.048,0.194,0.031,0.403,0.329,0.296,0.103,0.002,-0.05,0.102,0.001,-0.047,,,0.427,0.03,-0.005,0.539,0.616,0.633,0.15,0.064,0.081,0.155,0.125,0.163,,,0.503,0.775,1.015,0.0,0.236,0.3765,0.505,0.205,0.2715,0.495,0.559,0.352,GKLWKFAKKILKKFFKKFAK,0.09100000000000001,0.15066666666666664,0.7643333333333334,0.052,0.3426666666666667,0.596,0.8413333333333334,0.018666666666666665,0.1476666666666667,0.8903333333333334,0.01833333333333333,0.09833333333333333
sequence_7085,0.209,0.402,0.193,0.763,0.981,1.015,0.806,0.932,0.795,,,0.028,0.45,0.097,0.288,0.181,-0.021,0.099,0.019,-0.064,0.082,0.009,-0.011,,,0.443,0.124,0.004,0.506,0.417,0.87,0.133,0.0,0.107,0.109,0.059,0.229,,,0.495,0.426,0.939,0.054,0.429,0.233,0.434,0.111,0.332,0.512,0.46,0.435,KLWKLAKKALKALGKVL,0.19166666666666668,0.19033333333333333,0.62,0.268,0.14933333333333332,0.5976666666666667,0.8443333333333333,0.02666666666666667,0.13233333333333333,0.9196666666666666,0.018000000000000002,0.08
sequence_7157,0.155,0.103,0.169,0.788,0.986,0.98,0.76,0.986,0.876,,,0.238,0.213,0.18,0.222,0.199,0.112,0.099,0.008,-0.053,0.073,0.0,-0.072,,,0.305,0.012,0.026,0.623,0.698,0.733,0.112,0.005,0.121,0.165,0.014,0.228,,,0.459,0.776,0.84,0.0,0.896,0.414,0.48,0.102,0.345,0.52,0.002,0.241,RGLRRLIRKIIHIIKKYG,0.21033333333333334,0.11433333333333334,0.6916666666666668,0.14233333333333334,0.17766666666666667,0.6846666666666666,0.874,0.00033333333333333365,0.13566666666666669,0.918,0.018000000000000006,0.07933333333333333
sequence_72202_inspired_LKKLLKLKKKLLKLAG,,,0.163,,,0.763,,,0.664,,,,,0.033,,,0.33,,,-0.031,,,-0.033,,,,,0.205,,,0.48,,,0.262,,,0.429,,,,,0.755,0.02,0.334,0.0925,0.468,0.173,0.383,0.512,0.493,0.5245,FARKLARLLKKLLKAF,0.033,0.205,0.755,0.163,0.33,0.48,0.664,-0.033,0.429,0.763,-0.031,0.262
sequence_7264,0.832,0.924,0.522,0.784,0.984,0.828,0.624,0.981,0.887,,,0.455,0.909,0.252,0.042,0.005,-0.01,0.114,0.011,-0.007,0.118,0.019,-0.011,,,0.207,0.091,0.034,0.115,0.071,0.536,0.099,0.005,0.21,0.268,0.0,0.273,,,0.332,0.0,0.751,0.234,1.0,0.473,0.353,0.0,0.2285,0.413,0.0,0.2985,GFRLLRKVASLIASNLKLLKGVSKLLSKVR,0.5386666666666667,0.11066666666666665,0.361,0.7593333333333333,0.012333333333333333,0.24066666666666667,0.8306666666666667,0.04199999999999999,0.18033333333333335,0.8653333333333334,0.03933333333333333,0.10466666666666667
sequence_7386,0.817,0.779,0.304,0.817,0.986,,0.81,0.993,0.823,,,0.18,0.42,0.15,0.072,0.001,0.06,0.098,0.014,,0.088,0.008,-0.019,,,0.338,0.03,-0.013,0.111,0.221,0.653,0.091,0.001,,0.102,0.0,0.215,,,0.475,0.551,0.909,0.327,1.0,0.406,0.214,0.0,0.302,0.459,0.0,0.292,GLKKLLKRLKRLAKRL,0.25,0.11833333333333333,0.645,0.6333333333333334,0.044333333333333336,0.32833333333333337,0.8753333333333333,0.025666666666666667,0.10566666666666667,0.9015,0.056,0.046
sequence_7486,0.427,0.631,0.224,0.802,0.993,0.969,0.7,0.98,0.804,,,0.39,0.649,0.162,0.215,0.0,-0.003,0.099,0.007,-0.038,0.124,0.0,-0.002,,,0.247,0.0,-0.01,0.358,0.369,0.829,0.097,0.0,0.224,0.18,0.02,0.216,,,0.366,0.351,0.87,0.008,0.909,0.5145,0.563,0.091,0.257,0.429,0.0,0.2285,GILKKAIRKIARVLKSAK,0.4003333333333334,0.079,0.529,0.42733333333333334,0.07066666666666667,0.5186666666666667,0.828,0.04066666666666666,0.13866666666666666,0.9213333333333332,0.02266666666666667,0.107
sequence_7645,0.199,0.163,0.211,0.517,0.201,0.746,0.598,0.254,0.267,,,0.251,0.216,0.198,0.279,0.042,-0.008,0.215,0.2,0.013,0.074,0.027,0.171,,,0.287,0.017,0.004,0.523,0.793,0.826,0.267,0.6,0.266,0.318,0.719,0.558,,,0.463,0.767,0.844,0.066,0.139,0.058,0.418,0.453,0.497,0.516,0.408,0.445,RRARIVVIKVAR,0.22166666666666668,0.10266666666666667,0.6913333333333332,0.19099999999999998,0.10433333333333333,0.714,0.373,0.09066666666666667,0.5316666666666666,0.488,0.1426666666666667,0.37766666666666665
sequence_7829,0.151,0.185,0.124,0.698,0.989,1.014,0.767,0.942,0.808,,,0.215,0.524,0.139,0.258,0.044,0.146,0.165,0.011,-0.053,0.093,0.004,-0.012,,,0.304,0.0,0.002,0.592,0.771,0.71,0.127,0.0,0.079,0.143,0.054,0.183,,,0.483,0.477,0.869,0.0,0.616,0.449,0.481,0.076,0.3429999999999999,0.519,0.308,0.208,GLLKKIKKKFKKLFKKIS,0.2926666666666667,0.102,0.6096666666666667,0.15333333333333332,0.14933333333333332,0.691,0.8390000000000001,0.028333333333333335,0.12666666666666668,0.9003333333333332,0.04100000000000001,0.06866666666666667
sequence_7832,0.185,0.081,0.174,0.819,0.992,0.944,0.823,0.981,0.811,,,0.22,0.372,0.153,0.24,0.531,0.143,0.12,0.008,-0.033,0.102,0.013,-0.007,,,0.294,0.214,0.002,0.573,0.388,0.691,0.062,0.0,0.134,0.073,0.005,0.201,,,0.482,0.415,0.86,0.015,1.0,0.416,0.438,0.0,0.41,0.547,0.0,0.174,KWRKLLRKLRKLLKKI,0.24833333333333332,0.17,0.5856666666666667,0.14666666666666667,0.3046666666666667,0.5506666666666666,0.8716666666666666,0.036,0.09300000000000001,0.9183333333333333,0.03166666666666667,0.06533333333333334
sequence_7858,-0.003,0.023,0.062,0.052,0.058,0.105,-0.01,0.016,0.032,,,-0.021,0.012,-0.034,0.482,0.512,0.653,0.358,0.309,0.307,0.485,0.541,0.48,,,0.448,0.434,0.271,0.495,0.465,0.347,0.591,0.632,0.586,0.514,0.443,0.465,,,0.549,0.553,0.755,0.0,0.0,0.032,0.493,0.523,0.4635,0.507,0.477,0.5045000000000001,KWRRWVRWF,-0.014333333333333335,0.38433333333333336,0.6190000000000001,0.027333333333333334,0.549,0.43566666666666665,0.012666666666666666,0.502,0.47400000000000003,0.07166666666666667,0.32466666666666666,0.6029999999999999
sequence_7906,0.238,0.201,0.244,0.763,0.963,0.927,0.773,0.831,0.431,,,0.384,0.566,0.156,0.26,0.034,-0.018,0.091,0.013,-0.045,0.091,0.001,0.086,,,0.251,0.0,0.021,0.499,0.765,0.765,0.143,0.025,0.157,0.132,0.167,0.66,,,0.372,0.434,0.859,0.038,0.322,0.3405,0.434,0.19,0.3505,0.528,0.488,0.309,KILKRLKKLLKLIK,0.36866666666666664,0.09066666666666667,0.555,0.22766666666666668,0.09200000000000001,0.6763333333333333,0.6783333333333333,0.05933333333333333,0.3196666666666667,0.8843333333333333,0.019666666666666666,0.10833333333333332
sequence_7921,0.82,0.949,0.743,0.747,0.984,0.933,0.755,0.979,0.816,,,0.458,0.711,0.236,0.07,0.001,-0.094,0.111,0.016,-0.004,0.098,0.021,-0.006,,,0.189,0.199,0.049,0.11,0.05,0.405,0.149,0.0,0.252,0.149,0.0,0.198,,,0.363,0.09,0.756,0.262,1.0,0.516,0.292,0.0,0.2375,0.446,0.0,0.2465,GIGAVLKILTTGLPALISWIKRKRQQ,0.4683333333333333,0.14566666666666667,0.403,0.8373333333333334,-0.0076666666666666645,0.18833333333333335,0.85,0.03766666666666667,0.11566666666666665,0.8879999999999999,0.041,0.13366666666666668
sequence_8132,0.207,0.18,0.256,0.792,0.987,0.9,0.695,0.906,0.397,,,0.196,0.367,0.178,0.25,0.151,0.004,0.107,0.013,-0.064,0.138,0.0,0.111,,,0.312,0.187,0.002,0.54,0.668,0.745,0.102,0.0,0.198,0.156,0.093,0.639,,,0.489,0.445,0.861,0.026,0.292,0.357,0.445,0.206,0.2635,0.529,0.502,0.3795,GIWKALSKAAKKVIKAIL,0.24699999999999997,0.167,0.5983333333333333,0.21433333333333335,0.135,0.6510000000000001,0.666,0.083,0.296,0.8929999999999999,0.018666666666666665,0.09999999999999999
sequence_8177,0.499,0.563,0.324,0.788,0.975,0.865,0.817,0.987,0.805,,,0.223,0.559,0.171,0.208,0.438,-0.014,0.088,0.025,-0.024,0.094,0.007,-0.007,,,0.33,0.0,-0.007,0.291,0.0,0.702,0.133,0.0,0.185,0.087,0.006,0.209,,,0.445,0.441,0.87,0.063,0.755,0.4735,0.398,0.128,0.306,0.539,0.117,0.2205,KILKKLLKKLRLKLKKL,0.3176666666666667,0.10766666666666667,0.5853333333333334,0.46199999999999997,0.21066666666666667,0.33099999999999996,0.8696666666666667,0.03133333333333333,0.10066666666666667,0.876,0.029666666666666664,0.106
sequence_818,0.662,0.585,0.392,0.802,0.972,0.819,0.847,0.987,0.814,,,0.418,0.833,0.171,0.12,0.027,0.137,0.098,0.028,-0.008,0.067,0.006,-0.008,,,0.236,0.167,0.088,0.214,0.389,0.622,0.099,0.0,0.219,0.066,0.008,0.193,,,0.35,0.0,0.782,0.18,1.0,0.439,0.329,0.0,0.2925,0.491,0.0,0.2685,NKIRFINKWVKRVQAKKILLKI,0.474,0.16366666666666665,0.37733333333333335,0.5463333333333332,0.09466666666666668,0.4083333333333334,0.8826666666666667,0.021666666666666667,0.08900000000000001,0.8643333333333333,0.03933333333333333,0.106
sequence_8253,0.403,0.23,0.259,0.741,0.982,,0.79,0.994,0.801,,,0.238,0.354,0.169,0.239,0.039,-0.015,0.128,0.016,,0.108,0.002,-0.001,,,0.32,0.489,0.009,0.354,0.73,0.791,0.129,0.002,,0.106,0.005,0.225,,,0.438,0.156,0.85,0.041,0.814,0.5,0.439,0.186,0.325,0.52,0.0,0.175,GLLKSIKKKLKKIIKK,0.25366666666666665,0.27266666666666667,0.48133333333333334,0.29733333333333334,0.08766666666666666,0.625,0.8616666666666667,0.036333333333333336,0.112,0.8614999999999999,0.07200000000000001,0.0655
sequence_8322,0.161,0.118,0.175,0.413,0.378,0.33,0.66,0.639,0.583,,,0.072,0.071,0.149,0.225,0.228,0.181,0.133,0.104,0.128,0.091,0.024,0.047,,,0.265,0.0,0.023,0.621,0.654,0.634,0.458,0.518,0.555,0.242,0.336,0.377,,,0.651,0.929,0.84,0.088,0.312,0.1149999999999999,0.422,0.234,0.3755,0.49,0.454,0.5095000000000001,GIHDILKYGKGS,0.09733333333333333,0.09600000000000002,0.8066666666666666,0.15133333333333335,0.21133333333333335,0.6363333333333333,0.6273333333333333,0.05399999999999999,0.31833333333333336,0.37366666666666665,0.12166666666666666,0.5103333333333334
sequence_8323,0.029,0.047,0.057,0.494,0.53,0.293,0.194,0.177,0.201,,,0.021,0.053,0.065,0.395,0.309,0.362,0.207,0.028,0.203,0.259,0.212,0.173,,,0.432,0.238,0.105,0.563,0.644,0.503,0.301,0.442,0.508,0.542,0.611,0.642,,,0.542,0.709,0.792,0.0,0.0,0.024,0.5,0.474,0.4325,0.5,0.526,0.5435,KKFLKGIKKFWKF,0.04633333333333334,0.2583333333333333,0.681,0.044333333333333336,0.3553333333333333,0.57,0.19066666666666668,0.21466666666666664,0.5983333333333333,0.439,0.146,0.417
sequence_842,0.637,0.436,0.355,0.707,0.981,0.883,0.79,1.0,0.806,,,0.377,0.757,0.132,0.185,0.006,0.162,0.167,0.02,-0.023,0.101,0.0,-0.004,,,0.257,0.243,0.115,0.183,0.558,0.508,0.127,0.0,0.188,0.116,0.0,0.218,,,0.364,0.0,0.791,0.121,0.514,0.4595,0.364,0.136,0.3175,0.515,0.35,0.223,GLWSKIKDAAKAVGKAAVKAVGQVL,0.422,0.205,0.385,0.476,0.11766666666666666,0.4163333333333334,0.8653333333333334,0.03233333333333333,0.11133333333333334,0.8569999999999999,0.05466666666666667,0.105
sequence_8428,0.174,0.115,0.191,0.812,0.978,,0.758,0.893,0.948,,,0.059,0.235,0.125,0.266,0.179,0.058,0.097,0.007,,0.114,0.009,-0.088,,,0.28,0.041,0.0,0.556,0.705,0.765,0.084,0.015,,0.127,0.097,0.231,,,0.663,0.724,0.909,0.001,0.473,0.3545,0.449,0.127,0.294,0.55,0.4,0.3515,KILRKLLKYLKKLLK,0.13966666666666666,0.107,0.7653333333333334,0.16,0.16766666666666666,0.6753333333333335,0.8663333333333334,0.011666666666666667,0.15166666666666667,0.895,0.052000000000000005,0.0495
sequence_84517_inspired_FIKAIARLLSKIF,,0.057,,,0.206,0.139,,0.559,0.535,,,,0.065,0.077,,0.37,,,0.245,0.373,,0.02,0.024,,,,0.072,0.088,,0.574,,,0.549,0.499,,0.422,0.444,,,,0.863,0.817,0.0,0.22,0.0,0.507,0.273,0.4625,0.493,0.507,0.5375,FIGKILGLHRRIL,0.07100000000000001,0.07999999999999999,0.84,0.057,0.37,0.574,0.547,0.022,0.433,0.1725,0.309,0.524
sequence_866,0.819,0.788,0.289,0.734,0.985,0.957,0.811,0.98,0.971,,,0.503,0.562,0.261,0.07,0.002,0.047,0.117,0.016,0.001,0.104,0.019,-0.106,,,0.195,0.22,0.101,0.107,0.209,0.693,0.155,0.0,0.288,0.091,0.0,0.193,,,0.302,0.216,0.675,0.232,0.959,0.549,0.312,0.041,0.182,0.456,0.0,0.269,LIPIVGNLLKSLLGWKRKRFG,0.442,0.17200000000000001,0.39766666666666667,0.632,0.03966666666666667,0.3363333333333333,0.9206666666666666,0.005666666666666667,0.09466666666666668,0.8919999999999999,0.04466666666666667,0.14766666666666664
sequence_8789,0.754,0.62,0.354,0.82,0.983,0.97,0.827,0.983,0.931,,,0.415,0.534,0.281,0.089,0.001,0.089,0.086,0.017,-0.112,0.075,0.016,-0.081,,,0.252,0.0,-0.019,0.146,0.379,0.552,0.084,0.0,0.222,0.102,0.0,0.212,,,0.33,0.467,0.784,0.144,0.523,0.198,0.389,0.052,0.3175,0.467,0.425,0.4845,RRVLLRAVSRLATANDGLYGFVRRLARKVK,0.41,0.07766666666666668,0.527,0.5760000000000001,0.059666666666666666,0.359,0.9136666666666667,0.003333333333333332,0.10466666666666667,0.9243333333333332,-0.0030000000000000027,0.102
sequence_8908,0.048,0.092,0.079,0.76,0.987,,0.614,0.467,0.418,,,0.058,0.184,0.131,0.301,0.035,0.175,0.087,0.005,,0.134,0.005,0.126,,,0.352,0.021,-0.012,0.648,0.874,0.724,0.149,0.008,,0.25,0.529,0.506,,,0.584,0.795,0.911,0.0,0.183,0.326,0.498,0.359,0.312,0.502,0.458,0.362,IGRKFKRIVRRIKKAAR,0.12433333333333334,0.12033333333333333,0.7633333333333333,0.07300000000000001,0.1703333333333333,0.7486666666666667,0.49966666666666665,0.08833333333333333,0.4283333333333334,0.8734999999999999,0.046,0.0785
sequence_9103,0.07,0.055,0.15,0.656,0.951,,0.757,0.658,0.669,,,0.095,0.225,0.168,0.308,0.454,0.194,0.168,0.009,,0.075,0.019,-0.063,,,0.327,0.036,-0.015,0.615,0.491,0.653,0.181,0.04,,0.163,0.323,0.528,,,0.569,0.739,0.877,0.014,0.208,0.1955,0.433,0.22,0.2925,0.553,0.572,0.512,ALWKSLKSILKKL,0.16266666666666665,0.11599999999999999,0.7283333333333332,0.09166666666666667,0.31866666666666665,0.5863333333333333,0.6946666666666667,0.010333333333333333,0.338,0.8035,0.08850000000000001,0.1105
sequence_9198,0.517,0.526,0.43,0.723,0.987,,0.772,1.0,0.812,,,0.38,0.812,0.154,0.19,0.0,-0.107,0.138,0.013,,0.127,0.0,-0.008,,,0.262,0.188,0.086,0.289,0.473,0.796,0.129,0.0,,0.099,0.0,0.197,,,0.363,0.0,0.792,0.116,0.979,0.49,0.38,0.021,0.384,0.504,0.0,0.126,LKLKKLLKKLLKKLKKL,0.4486666666666667,0.17866666666666667,0.385,0.49100000000000005,0.02766666666666667,0.5193333333333333,0.8613333333333334,0.03966666666666666,0.09866666666666668,0.855,0.07550000000000001,0.0645
sequence_9310,0.762,0.664,0.362,0.775,0.994,1.019,0.775,0.995,0.81,,,0.453,0.581,0.266,0.104,0.001,0.093,0.121,0.004,-0.12,0.084,0.006,-0.006,,,0.208,0.0,0.043,0.136,0.335,0.681,0.102,0.002,0.202,0.138,0.0,0.199,,,0.341,0.418,0.733,0.1575,0.5405,0.36775,0.3745,0.2309999999999999,0.294,0.4679999999999999,0.2285,0.33825,KKLLKKIVKYLAGPNGFLASLVAALEKKVK,0.43333333333333335,0.08366666666666667,0.49733333333333335,0.5960000000000001,0.066,0.38400000000000006,0.86,0.028,0.11233333333333334,0.9293333333333335,0.001666666666666668,0.102
sequence_9327,0.209,0.158,0.259,0.821,0.989,0.906,0.725,0.849,0.379,,,0.235,0.473,0.152,0.267,0.14,0.031,0.086,0.011,-0.061,0.125,0.0,0.107,,,0.294,0.0,-0.005,0.525,0.703,0.72,0.091,0.0,0.198,0.146,0.151,0.664,,,0.472,0.527,0.892,0.032,0.266,0.427,0.45,0.235,0.2425,0.518,0.499,0.3305,GIWNKLLKKVVKGVGKAV,0.2866666666666667,0.09633333333333333,0.6303333333333333,0.20866666666666667,0.14600000000000002,0.6493333333333333,0.6509999999999999,0.07733333333333332,0.32033333333333336,0.9053333333333334,0.011999999999999997,0.09633333333333334
sequence_941,0.243,0.331,0.239,0.823,0.98,,0.796,0.974,1.0,,,0.164,0.53,0.107,0.185,0.025,0.125,0.061,0.019,,0.126,0.026,-0.118,,,0.37,0.0,-0.017,0.572,0.644,0.645,0.107,0.0,,0.072,0.0,0.224,,,0.464,0.471,0.955,0.029,0.806,0.264,0.463,0.0,0.277,0.508,0.194,0.459,KLLKKLLRRLLKKLKKL,0.267,0.11766666666666666,0.63,0.271,0.11166666666666665,0.6203333333333333,0.9233333333333333,0.011333333333333334,0.09866666666666667,0.9015,0.04,0.0535
sequence_9484,0.454,0.562,0.221,0.792,0.985,,0.824,0.979,0.863,,,0.254,0.66,0.17,0.17,0.0,-0.018,0.093,0.014,,0.066,0.012,-0.094,,,0.279,0.0,-0.01,0.375,0.438,0.839,0.115,0.0,,0.104,0.01,0.276,,,0.46,0.339,0.876,0.054,0.774,0.3855,0.421,0.084,0.278,0.525,0.142,0.3365,KLLKKFLKRLKLRLKKL,0.36133333333333334,0.08966666666666667,0.5583333333333333,0.4123333333333334,0.05066666666666667,0.5506666666666666,0.8886666666666666,-0.005333333333333333,0.13,0.8885000000000001,0.0535,0.0575
sequence_965,0.16,0.156,0.158,0.548,1.0,0.908,0.747,0.847,0.354,,,0.413,0.415,0.264,0.29,0.135,0.108,0.212,0.0,-0.049,0.119,0.009,0.119,,,0.235,0.585,-0.003,0.545,0.709,0.734,0.248,0.0,0.171,0.14,0.143,0.669,,,0.353,0.0,0.786,0.0,0.292,0.539,0.466,0.221,0.1975,0.534,0.487,0.2635,GLWRKFKKAIKKIVKSVL,0.36400000000000005,0.2723333333333333,0.37966666666666665,0.158,0.17766666666666667,0.6626666666666666,0.6493333333333333,0.08233333333333333,0.31733333333333336,0.8186666666666667,0.054333333333333324,0.1396666666666667
sequence_9672,-0.024,0.05,0.048,0.637,0.78,0.81,0.177,0.079,0.207,,,,0.076,0.041,0.334,0.308,0.306,0.168,0.004,0.004,0.31,0.575,0.118,,,,0.096,0.11,0.68,0.642,0.65,0.201,0.216,0.222,0.513,0.346,0.722,,,,0.829,0.861,0.0,0.082,0.341,0.548,0.396,0.319,0.452,0.522,0.3399999999999999,KKWKKWLKKLLK,0.058499999999999996,0.10300000000000001,0.845,0.02466666666666667,0.316,0.6573333333333333,0.15433333333333332,0.33433333333333337,0.527,0.7423333333333334,0.05866666666666667,0.213
sequence_989,0.429,0.391,0.318,0.815,0.981,,0.829,0.976,0.805,,,0.357,0.81,0.123,0.211,0.098,0.009,0.089,0.017,,0.069,0.016,-0.005,,,0.277,0.19,0.115,0.357,0.511,0.679,0.092,0.002,,0.083,0.007,0.21,,,0.368,0.0,0.792,0.021,0.82,0.437,0.424,0.116,0.4015,0.555,0.064,0.1615,GLFKRLLKLAKKLKKAAR,0.43,0.19400000000000003,0.3866666666666667,0.37933333333333336,0.106,0.5156666666666667,0.87,0.02666666666666667,0.09999999999999999,0.8979999999999999,0.053,0.047
